setAuthorName	setAuthorEmail	setOrganization	setExperimentTitle	setName	setDescription	setURI	setTool	setTool(Date)	addAlgorithm	addAlgorithm(URI)	setTargetClass	setStartsAtPosition	setEndsAtPosition	addPerformance	setTargetClass	setStartsAtPosition	setEndsAtPosition	addPerformance
Brants	emailexample@aclweb.org	Universitat des Saarlandes	ACL POS Tagging - TnT	WSJ	Wall Street Journal (WSJ) release 3 (LDC99T42)	https://catalog.ldc.upenn.edu/LDC99T42	TnT	26 Oct 1998	tnt	http://www.coli.uni-saarland.de/~thorsten/tnt/	All tokens	section 0	section 18	0.9646	Unknown words	section 0	section 18	0.8586
Vivi Nastase	emailexample@aclweb.org	University of Ottawa	Noun-Modifier Semantic Relations (State of the art)	Baseline 	Majority class (Participant) 	http://www.aclweb.org/aclwiki/index.php?title=Noun-Modifier_Semantic_Relations_(State_of_the_art)	Baseline 		Baseline 					43.3				47.3
Vivi Nastase	emailexample@aclweb.org	University of Ottawa	Noun-Modifier Semantic Relations (State of the art)	VSM 	Turney and Littman (2005) 	http://www.aclweb.org/aclwiki/index.php?title=Noun-Modifier_Semantic_Relations_(State_of_the_art)	VSM 		VSM 					45.7				49.7
Vivi Nastase	emailexample@aclweb.org	University of Ottawa	Noun-Modifier Semantic Relations (State of the art)	SVM+28 	Nulty (2007) 	http://www.aclweb.org/aclwiki/index.php?title=Noun-Modifier_Semantic_Relations_(State_of_the_art)	SVM+28 		SVM+28 					50.1				54.09
Vivi Nastase	emailexample@aclweb.org	University of Ottawa	Noun-Modifier Semantic Relations (State of the art)	PERT 	Turney (2006a) 	http://www.aclweb.org/aclwiki/index.php?title=Noun-Modifier_Semantic_Relations_(State_of_the_art)	PERT 		PERT 					54				57.95
Vivi Nastase	emailexample@aclweb.org	University of Ottawa	Noun-Modifier Semantic Relations (State of the art)	TiMBL+WordNet 	Nastase et al. (2006)	http://www.aclweb.org/aclwiki/index.php?title=Noun-Modifier_Semantic_Relations_(State_of_the_art)	TiMBL+WordNet 		TiMBL+WordNet 					51.5				51.5
Vivi Nastase	emailexample@aclweb.org	University of Ottawa	Noun-Modifier Semantic Relations (State of the art)	LRA 	Turney (2006b)	http://www.aclweb.org/aclwiki/index.php?title=Noun-Modifier_Semantic_Relations_(State_of_the_art)	LRA 		LRA 					58				61.89
Kudo and Matsumoto (2000), CONLL 	emailexample@aclweb.org	Not Informed	NP Chunking (State of the art)	KM00 	B-I-O tagging using SVM classifiers with polynomial kernel	http://aclweb.org/aclwiki/index.php?title=NP_Chunking_(State_of_the_art)	KM00 	2000	KM00 	http://aclweb.org/aclwiki/index.php?title=NP_Chunking_(State_of_the_art)				93.79				0
Kudo and Matsumoto (2000), CONLL 	emailexample@aclweb.org	Not Informed	NP Chunking (State of the art)	KM01 	learning as in KM00, but voting between different representations 	http://aclweb.org/aclwiki/index.php?title=NP_Chunking_(State_of_the_art)	KM01 	2001	KM01 	http://aclweb.org/aclwiki/index.php?title=NP_Chunking_(State_of_the_art)				94.22				0
Kudo and Matsumoto (2000), CONLL 	emailexample@aclweb.org	Not Informed	NP Chunking (State of the art)	SP03 	Second order conditional random fields	http://aclweb.org/aclwiki/index.php?title=NP_Chunking_(State_of_the_art)	SP03 	2003	SP03 	http://aclweb.org/aclwiki/index.php?title=NP_Chunking_(State_of_the_art)				94.3				0
Kudo and Matsumoto (2000), CONLL 	emailexample@aclweb.org	Not Informed	NP Chunking (State of the art)	SS05 	specialized HMM + voting between different representations 	http://aclweb.org/aclwiki/index.php?title=NP_Chunking_(State_of_the_art)	SS05 	2005	SS05 	http://aclweb.org/aclwiki/index.php?title=NP_Chunking_(State_of_the_art)				95.23				0
Kudo and Matsumoto (2000), CONLL 	emailexample@aclweb.org	Not Informed	NP Chunking (State of the art)	M05 	Second order conditional random fields + multi-label classification 	http://aclweb.org/aclwiki/index.php?title=NP_Chunking_(State_of_the_art)	M05 	2005	M05 	http://aclweb.org/aclwiki/index.php?title=NP_Chunking_(State_of_the_art)				94.29				0
Kudo and Matsumoto (2000), CONLL 	emailexample@aclweb.org	Not Informed	NP Chunking (State of the art)	V06 	Conditional random fields + Stochastic Meta Decent (SMD) 	http://aclweb.org/aclwiki/index.php?title=NP_Chunking_(State_of_the_art)	V06 	2006	V06 	http://aclweb.org/aclwiki/index.php?title=NP_Chunking_(State_of_the_art)				93.6				0
Kudo and Matsumoto (2000), CONLL 	emailexample@aclweb.org	Not Informed	NP Chunking (State of the art)	S08 	Second order latent-dynamic conditional random fields + an improved inference method based on A* search	http://aclweb.org/aclwiki/index.php?title=POS_Induction_(State_of_the_art)#Software	S08 	2008	S08 	http://aclweb.org/aclwiki/index.php?title=NP_Chunking_(State_of_the_art)				94.34				0
Kudo and Matsumoto (2000), CONLL 	emailexample@aclweb.org	Not Informed	NP Chunking (State of the art)	C00 	Chunks from the Charniak Parser	http://aclweb.org/aclwiki/index.php?title=NP_Chunking_(State_of_the_art)	C00 	2005	C00 	http://aclweb.org/aclwiki/index.php?title=NP_Chunking_(State_of_the_art)				94.2				0
Kudo and Matsumoto (2000), CONLL 	emailexample@aclweb.org	Not Informed	NP Chunking (State of the art)	BI-LSTM-CRF 	Bidirectional LSTM-CRF Model	http://aclweb.org/aclwiki/index.php?title=NP_Chunking_(State_of_the_art)	BI-LSTM-CRF 	2015	BI-LSTM-CRF 	http://aclweb.org/aclwiki/index.php?title=NP_Chunking_(State_of_the_art)				94.46				0
Dolan, B. 	emailexample@aclweb.org	Not Informed	Paraphrase Identification (State of the art)	Vector Based Similarity (Baseline) 	cosine similarity with tf-idf weighting 	http://aclweb.org/aclwiki/index.php?title=Paraphrase_Identification_(State_of_the_art)	Vector Based Similarity (Baseline) 	2004	Vector Based Similarity (Baseline) 	http://aclweb.org/aclwiki/index.php?title=Paraphrase_Identification_(State_of_the_art)				65.4				75.3
Dolan, B. 	emailexample@aclweb.org	Not Informed	Paraphrase Identification (State of the art)	ESA 	explicit semantic space 	http://aclweb.org/aclwiki/index.php?title=Paraphrase_Identification_(State_of_the_art)	ESA 	2004	ESA 	http://aclweb.org/aclwiki/index.php?title=Paraphrase_Identification_(State_of_the_art)				67				79.3
Dolan, B. 	emailexample@aclweb.org	Not Informed	Paraphrase Identification (State of the art)	KM 	combination of lexical and semantic features 	http://aclweb.org/aclwiki/index.php?title=Paraphrase_Identification_(State_of_the_art)	KM 	2004	KM 	http://aclweb.org/aclwiki/index.php?title=Paraphrase_Identification_(State_of_the_art)				76.6				79.6
Dolan, B. 	emailexample@aclweb.org	Not Informed	Paraphrase Identification (State of the art)	LSA 	latent semantic space 	http://aclweb.org/aclwiki/index.php?title=Paraphrase_Identification_(State_of_the_art)	LSA 	2004	LSA 	http://aclweb.org/aclwiki/index.php?title=Paraphrase_Identification_(State_of_the_art)				68.8				79.9
Dolan, B. 	emailexample@aclweb.org	Not Informed	Paraphrase Identification (State of the art)	RMLMG 	graph subsumption 	http://aclweb.org/aclwiki/index.php?title=Paraphrase_Identification_(State_of_the_art)	RMLMG 	2004	RMLMG 	http://aclweb.org/aclwiki/index.php?title=Paraphrase_Identification_(State_of_the_art)				70.6				80.5
Dolan, B. 	emailexample@aclweb.org	Not Informed	Paraphrase Identification (State of the art)	MCS 	combination of several word similarity measures 	http://aclweb.org/aclwiki/index.php?title=Paraphrase_Identification_(State_of_the_art)	MCS 	2004	MCS 	http://aclweb.org/aclwiki/index.php?title=Paraphrase_Identification_(State_of_the_art)				70.3				81.3
Dolan, B. 	emailexample@aclweb.org	Not Informed	Paraphrase Identification (State of the art)	STS 	combination of semantic and string similarity 	http://aclweb.org/aclwiki/index.php?title=Paraphrase_Identification_(State_of_the_art)	STS 	2004	STS 	http://aclweb.org/aclwiki/index.php?title=Paraphrase_Identification_(State_of_the_art)				72.6				81.3
Dolan, B. 	emailexample@aclweb.org	Not Informed	Paraphrase Identification (State of the art)	SSA 	salient semantic space 	http://aclweb.org/aclwiki/index.php?title=Paraphrase_Identification_(State_of_the_art)	SSA 	2004	SSA 	http://aclweb.org/aclwiki/index.php?title=Paraphrase_Identification_(State_of_the_art)				72.5				81.4
Dolan, B. 	emailexample@aclweb.org	Not Informed	Paraphrase Identification (State of the art)	QKC 	sentence dissimilarity classification 	http://aclweb.org/aclwiki/index.php?title=Paraphrase_Identification_(State_of_the_art)	QKC 	2004	QKC 	http://aclweb.org/aclwiki/index.php?title=Paraphrase_Identification_(State_of_the_art)				72				81.6
Dolan, B. 	emailexample@aclweb.org	Not Informed	Paraphrase Identification (State of the art)	ParaDetect 	PI using semantic heuristic features 	http://aclweb.org/aclwiki/index.php?title=Paraphrase_Identification_(State_of_the_art)	ParaDetect 	2004	ParaDetect 	http://aclweb.org/aclwiki/index.php?title=Paraphrase_Identification_(State_of_the_art)				74.7				81.8
Dolan, B. 	emailexample@aclweb.org	Not Informed	Paraphrase Identification (State of the art)	Vector-based similarity 	Additive composition of vectors and cosine distance 	http://aclweb.org/aclwiki/index.php?title=Paraphrase_Identification_(State_of_the_art)	Vector-based similarity 	2004	Vector-based similarity 	http://aclweb.org/aclwiki/index.php?title=Paraphrase_Identification_(State_of_the_art)				73				82
Dolan, B. 	emailexample@aclweb.org	Not Informed	Paraphrase Identification (State of the art)	SDS 	simple distributional semantic space 	http://aclweb.org/aclwiki/index.php?title=Paraphrase_Identification_(State_of_the_art)	SDS 	2004	SDS 	http://aclweb.org/aclwiki/index.php?title=Paraphrase_Identification_(State_of_the_art)				73				82.3
Dolan, B. 	emailexample@aclweb.org	Not Informed	Paraphrase Identification (State of the art)	matrixJcn 	JCN WordNet similarity with matrix 	http://aclweb.org/aclwiki/index.php?title=Paraphrase_Identification_(State_of_the_art)	matrixJcn 	2004	matrixJcn 	http://aclweb.org/aclwiki/index.php?title=Paraphrase_Identification_(State_of_the_art)				74.1				82.4
Dolan, B. 	emailexample@aclweb.org	Not Informed	Paraphrase Identification (State of the art)	FHS 	combination of MT evaluation measures as features 	http://aclweb.org/aclwiki/index.php?title=Paraphrase_Identification_(State_of_the_art)	FHS 	2004	FHS 	http://aclweb.org/aclwiki/index.php?title=Paraphrase_Identification_(State_of_the_art)				75				82.7
Dolan, B. 	emailexample@aclweb.org	Not Informed	Paraphrase Identification (State of the art)	PE 	product of experts 	http://aclweb.org/aclwiki/index.php?title=Paraphrase_Identification_(State_of_the_art)	PE 	2004	PE 	http://aclweb.org/aclwiki/index.php?title=Paraphrase_Identification_(State_of_the_art)				76.1				82.7
Dolan, B. 	emailexample@aclweb.org	Not Informed	Paraphrase Identification (State of the art)	WDDP 	dependency-based features 	http://aclweb.org/aclwiki/index.php?title=Paraphrase_Identification_(State_of_the_art)	WDDP 	2004	WDDP 	http://aclweb.org/aclwiki/index.php?title=Paraphrase_Identification_(State_of_the_art)				75.6				83
Dolan, B. 	emailexample@aclweb.org	Not Informed	Paraphrase Identification (State of the art)	SHPNM 	recursive autoencoder with dynamic pooling 	http://aclweb.org/aclwiki/index.php?title=Paraphrase_Identification_(State_of_the_art)	SHPNM 	2004	SHPNM 	http://aclweb.org/aclwiki/index.php?title=Paraphrase_Identification_(State_of_the_art)				76.8				83.6
Dolan, B. 	emailexample@aclweb.org	Not Informed	Paraphrase Identification (State of the art)	MTMETRICS 	combination of eight machine translation metrics 	http://aclweb.org/aclwiki/index.php?title=Paraphrase_Identification_(State_of_the_art)	MTMETRICS 	2004	MTMETRICS 	http://aclweb.org/aclwiki/index.php?title=Paraphrase_Identification_(State_of_the_art)				77.4				84.1
Dolan, B. 	emailexample@aclweb.org	Not Informed	Paraphrase Identification (State of the art)	Multi-Perspective CNN 	Multi-perspective Convolutional NNs and structured similarity layer 	http://aclweb.org/aclwiki/index.php?title=Paraphrase_Identification_(State_of_the_art)	Multi-Perspective CNN 	2004	Multi-Perspective CNN 	http://aclweb.org/aclwiki/index.php?title=Paraphrase_Identification_(State_of_the_art)				78.6				84.7
Dolan, B. 	emailexample@aclweb.org	Not Informed	Paraphrase Identification (State of the art)	SAMS-RecNN 	Recursive NNs using syntax-aware multi-sense word embeddings	http://aclweb.org/aclwiki/index.php?title=Paraphrase_Identification_(State_of_the_art)	SAMS-RecNN 	2004	SAMS-RecNN 	http://aclweb.org/aclwiki/index.php?title=Paraphrase_Identification_(State_of_the_art)				78.6				85.3
Dolan, B. 	emailexample@aclweb.org	Not Informed	Paraphrase Identification (State of the art)	TF-KLD 	Matrix factorization with supervised reweighting 	http://aclweb.org/aclwiki/index.php?title=Paraphrase_Identification_(State_of_the_art)	TF-KLD 	2004	TF-KLD 	http://aclweb.org/aclwiki/index.php?title=Paraphrase_Identification_(State_of_the_art)				80.4				85.9
Satoshi Sekine 	SEKINE@cs.nyu.edu	New York University	Parsing (State of the art)	Charniak & Johnson's Parser 	Lexicalized N-Best PCFG + Discriminative reranking 	http://aclweb.org/aclwiki/index.php?title=Parsing_(State_of_the_art)	Charniak & Johnson's Parser 	2013	Charniak & Johnson's Parser 	http://aclweb.org/aclwiki/index.php?title=Parsing_(State_of_the_art)				91.4				0
Satoshi Sekine 	SEKINE@cs.nyu.edu	New York University	Parsing (State of the art)	Self-trained Charniak & Johnson Parser	Above + self-training on ~2 million raw sentences from NC	http://aclweb.org/aclwiki/index.php?title=Parsing_(State_of_the_art)	Self-trained Charniak & Johnson Parser	2013	Self-trained Charniak & Johnson Parser	http://nlp.stanford.edu/~mcclosky/selftraining.html				92.1				0
Satoshi Sekine 	SEKINE@cs.nyu.edu	New York University	Parsing (State of the art)	Collins' Parser	Lexicalized PCFG	http://aclweb.org/aclwiki/index.php?title=Parsing_(State_of_the_art)	Collins' Parser	2013	Collins' Parser	http://www.cis.upenn.edu/~dbikel/software.html				0				0
Satoshi Sekine 	SEKINE@cs.nyu.edu	New York University	Parsing (State of the art)	Berkeley Parser	Automatically induced PCFG	http://aclweb.org/aclwiki/index.php?title=Parsing_(State_of_the_art)	Berkeley Parser	2013	Berkeley Parser	http://www.cis.upenn.edu/~dbikel/software.html				90.1				0
Satoshi Sekine 	SEKINE@cs.nyu.edu	New York University	Parsing (State of the art)	Link Grammar	Dependency grammar	http://aclweb.org/aclwiki/index.php?title=Parsing_(State_of_the_art)	Link Grammar	2013	Link Grammar	http://www.cis.upenn.edu/~dbikel/software.html				0				0
Mehmet Ali Yatbaz 	myatbaz@ku.edu.tr 	Koc¸ University 	POS Induction (State of the art)	UPOS 	Learning Syntactic Categories Using Paradigmatic Representations of Word Context 	http://aclweb.org/aclwiki/index.php?title=POS_Induction_(State_of_the_art)#Software	UPOS 	2012	UPOS 	https://github.com/ai-ku/upos/tree/emnlp2012				80.2				0
Mehmet Ali Yatbaz 	myatbaz@ku.edu.tr 	Koc¸ University 	POS Induction (State of the art)	Brown+proto	MRF initialized with Brown prototypes	http://aclweb.org/aclwiki/index.php?title=POS_Induction_(State_of_the_art)#Software	Brown+proto	2012	Brown+proto	http://www.cis.upenn.edu/~dbikel/software.html				76.1				0
Mehmet Ali Yatbaz 	myatbaz@ku.edu.tr 	Koc¸ University 	POS Induction (State of the art)		Logistic regression with features and LBFGS	http://aclweb.org/aclwiki/index.php?title=POS_Induction_(State_of_the_art)#Software	0	2012		http://www.cis.upenn.edu/~dbikel/software.html				75.5				0
Mehmet Ali Yatbaz 	myatbaz@ku.edu.tr 	Koc¸ University 	POS Induction (State of the art)	Clark DMF	Distributional clustering + morphology + frequency	http://aclweb.org/aclwiki/index.php?title=POS_Induction_(State_of_the_art)#Software	Clark DMF	2012	Clark DMF	http://www.cs.rhul.ac.uk/home/alexc/pos2.tar.gz				71.2				0
Jinho Choi 	emailexample@aclweb.org	Emory University 	POS Tagging (State of the art)	TnT* 	Hidden markov model 	http://aclweb.org/aclwiki/index.php?title=POS_Tagging_(State_of_the_art)	TnT* 	2000	TnT* 	http://aclweb.org/aclwiki/index.php?title=POS_Tagging_(State_of_the_art)				96.46				85.86
Jinho Choi 	emailexample@aclweb.org	Emory University 	POS Tagging (State of the art)	MElt	MEMM with external lexical information	http://aclweb.org/aclwiki/index.php?title=POS_Tagging_(State_of_the_art)	MElt	2000	MElt	http://aclweb.org/aclwiki/index.php?title=POS_Tagging_(State_of_the_art)				96.96				91.29
Jinho Choi 	emailexample@aclweb.org	Emory University 	POS Tagging (State of the art)	GENiA Tagger**	Maximum entropy cyclic dependency network	http://aclweb.org/aclwiki/index.php?title=POS_Tagging_(State_of_the_art)	GENiA Tagger**	2000	GENiA Tagger**	http://aclweb.org/aclwiki/index.php?title=POS_Tagging_(State_of_the_art)				97.05				0
Jinho Choi 	emailexample@aclweb.org	Emory University 	POS Tagging (State of the art)	Averaged Perceptron	Averaged Perception discriminative sequence model	http://aclweb.org/aclwiki/index.php?title=POS_Tagging_(State_of_the_art)	Averaged Perceptron	2000	Averaged Perceptron	http://aclweb.org/aclwiki/index.php?title=POS_Tagging_(State_of_the_art)				97.11				0
Jinho Choi 	emailexample@aclweb.org	Emory University 	POS Tagging (State of the art)	Maxent easiest-first	Maximum entropy bidirectional easiest-first inference	http://aclweb.org/aclwiki/index.php?title=POS_Tagging_(State_of_the_art)	Maxent easiest-first	2000	Maxent easiest-first	http://aclweb.org/aclwiki/index.php?title=POS_Tagging_(State_of_the_art)				97.15				0
Jinho Choi 	emailexample@aclweb.org	Emory University 	POS Tagging (State of the art)	SVMTool	SVM-based tagger and tagger generator	http://aclweb.org/aclwiki/index.php?title=POS_Tagging_(State_of_the_art)	SVMTool	2000	SVMTool	http://aclweb.org/aclwiki/index.php?title=POS_Tagging_(State_of_the_art)				97.16				89.01
Jinho Choi 	emailexample@aclweb.org	Emory University 	POS Tagging (State of the art)	LAPOS	Perceptron based training with lookahead	http://aclweb.org/aclwiki/index.php?title=POS_Tagging_(State_of_the_art)	LAPOS	2000	LAPOS	http://aclweb.org/aclwiki/index.php?title=POS_Tagging_(State_of_the_art)				97.22				0
Jinho Choi 	emailexample@aclweb.org	Emory University 	POS Tagging (State of the art)	Mor?e/COMPOST	Averaged Perceptron	http://aclweb.org/aclwiki/index.php?title=POS_Tagging_(State_of_the_art)	Mor?e/COMPOST	2000	Mor?e/COMPOST	http://aclweb.org/aclwiki/index.php?title=POS_Tagging_(State_of_the_art)				97.23				0
Jinho Choi 	emailexample@aclweb.org	Emory University 	POS Tagging (State of the art)	Mor?e/COMPOST	Averaged Perceptron	http://aclweb.org/aclwiki/index.php?title=POS_Tagging_(State_of_the_art)	Mor?e/COMPOST	2000	Mor?e/COMPOST	http://aclweb.org/aclwiki/index.php?title=POS_Tagging_(State_of_the_art)				97.44				0
Jinho Choi 	emailexample@aclweb.org	Emory University 	POS Tagging (State of the art)	Stanford Tagger 1.0	Maximum entropy cyclic dependency network	http://aclweb.org/aclwiki/index.php?title=POS_Tagging_(State_of_the_art)	Stanford Tagger 1.0	2000	Stanford Tagger 1.0	http://aclweb.org/aclwiki/index.php?title=POS_Tagging_(State_of_the_art)				97.24				89.04
Jinho Choi 	emailexample@aclweb.org	Emory University 	POS Tagging (State of the art)	Stanford Tagger 2.0	Maximum entropy cyclic dependency network	http://aclweb.org/aclwiki/index.php?title=POS_Tagging_(State_of_the_art)	Stanford Tagger 2.0	2011	Stanford Tagger 2.0	http://aclweb.org/aclwiki/index.php?title=POS_Tagging_(State_of_the_art)				97.29				89.7
Jinho Choi 	emailexample@aclweb.org	Emory University 	POS Tagging (State of the art)	Stanford Tagger 2.0	Maximum entropy cyclic dependency network	http://aclweb.org/aclwiki/index.php?title=POS_Tagging_(State_of_the_art)	Stanford Tagger 2.0	2000	Stanford Tagger 2.0	http://aclweb.org/aclwiki/index.php?title=POS_Tagging_(State_of_the_art)				97.32				90.79
Jinho Choi 	emailexample@aclweb.org	Emory University 	POS Tagging (State of the art)	LTAG-spinal	Bidirectional perceptron learning	http://aclweb.org/aclwiki/index.php?title=POS_Tagging_(State_of_the_art)	LTAG-spinal	2000	LTAG-spinal	http://aclweb.org/aclwiki/index.php?title=POS_Tagging_(State_of_the_art)				97.33				0
Jinho Choi 	emailexample@aclweb.org	Emory University 	POS Tagging (State of the art)	SCCN	Semi-supervised condensed nearest neighbor	http://aclweb.org/aclwiki/index.php?title=POS_Tagging_(State_of_the_art)	SCCN	2000	SCCN	http://aclweb.org/aclwiki/index.php?title=POS_Tagging_(State_of_the_art)				97.5				0
Jinho Choi 	emailexample@aclweb.org	Emory University 	POS Tagging (State of the art)	CharWNN	MLP with Neural Character Embeddings	http://aclweb.org/aclwiki/index.php?title=POS_Tagging_(State_of_the_art)	CharWNN	2000	CharWNN	http://aclweb.org/aclwiki/index.php?title=POS_Tagging_(State_of_the_art)				97.32				89.86
Jinho Choi 	emailexample@aclweb.org	Emory University 	POS Tagging (State of the art)	structReg	CRFs with structure regularization	http://aclweb.org/aclwiki/index.php?title=POS_Tagging_(State_of_the_art)	structReg	2000	structReg	http://aclweb.org/aclwiki/index.php?title=POS_Tagging_(State_of_the_art)				97.36				0
Jinho Choi 	emailexample@aclweb.org	Emory University 	POS Tagging (State of the art)	BI-LSTM-CRF	Bidirectional LSTM-CRF Model	http://aclweb.org/aclwiki/index.php?title=POS_Tagging_(State_of_the_art)	BI-LSTM-CRF	2015	BI-LSTM-CRF	http://aclweb.org/aclwiki/index.php?title=POS_Tagging_(State_of_the_art)				97.55				0
Jinho Choi 	emailexample@aclweb.org	Emory University 	POS Tagging (State of the art)	NLP4J	Dynamic Feature Induction	http://aclweb.org/aclwiki/index.php?title=POS_Tagging_(State_of_the_art)	NLP4J	2016	NLP4J	http://aclweb.org/aclwiki/index.php?title=POS_Tagging_(State_of_the_art)				97.64				92.03
Jinho Choi 	emailexample@aclweb.org	Emory University 	POS Tagging (State of the art)	Morfette	Perceptron with external lexical information*	http://aclweb.org/aclwiki/index.php?title=POS_Tagging_(State_of_the_art)	Morfette	2016	Morfette	http://aclweb.org/aclwiki/index.php?title=POS_Tagging_(State_of_the_art)				97.68				90.52
Jinho Choi 	emailexample@aclweb.org	Emory University 	POS Tagging (State of the art)	SEM	CRF with external lexical information*	http://aclweb.org/aclwiki/index.php?title=POS_Tagging_(State_of_the_art)	SEM	2016	SEM	http://aclweb.org/aclwiki/index.php?title=POS_Tagging_(State_of_the_art)				97.7				0
Jinho Choi 	emailexample@aclweb.org	Emory University 	POS Tagging (State of the art)	MElt	MEMM with external lexical information*	http://aclweb.org/aclwiki/index.php?title=POS_Tagging_(State_of_the_art)	MElt	2016	MElt	http://aclweb.org/aclwiki/index.php?title=POS_Tagging_(State_of_the_art)				97.8				91.77
Mengqiu Wang	mengqiu@cs.stanford.edu	Stanford University 	Question Answering (State of the art)	Punyakanok (2004) 	Wang et al. (2007) 	http://aclweb.org/aclwiki/index.php?title=Question_Answering_(State_of_the_art)	Punyakanok (2004) 	2007	Punyakanok (2004) 	http://aclweb.org/aclwiki/index.php?title=Question_Answering_(State_of_the_art)				0.419				0.494
Mengqiu Wang	mengqiu@cs.stanford.edu	Stanford University 	Question Answering (State of the art)	Cui (2005)	Wang et al. (2007)	http://aclweb.org/aclwiki/index.php?title=Question_Answering_(State_of_the_art)	Cui (2005)	2007	Cui (2005)	http://aclweb.org/aclwiki/index.php?title=Question_Answering_(State_of_the_art)				0.427				0.526
Mengqiu Wang	mengqiu@cs.stanford.edu	Stanford University 	Question Answering (State of the art)	Wang (2007)	Wang et al. (2007)	http://aclweb.org/aclwiki/index.php?title=Question_Answering_(State_of_the_art)	Wang (2007)	2007	Wang (2007)	http://aclweb.org/aclwiki/index.php?title=Question_Answering_(State_of_the_art)				0.603				0.685
Mengqiu Wang	mengqiu@cs.stanford.edu	Stanford University 	Question Answering (State of the art)	H&S (2010)	Heilman and Smith (2010)	http://aclweb.org/aclwiki/index.php?title=Question_Answering_(State_of_the_art)	H&S (2010)	2007	H&S (2010)	http://aclweb.org/aclwiki/index.php?title=Question_Answering_(State_of_the_art)				0.609				0.692
Mengqiu Wang	mengqiu@cs.stanford.edu	Stanford University 	Question Answering (State of the art)	W&M (2010)	Wang and Manning (2010)	http://aclweb.org/aclwiki/index.php?title=Question_Answering_(State_of_the_art)	W&M (2010)	2007	W&M (2010)	http://aclweb.org/aclwiki/index.php?title=Question_Answering_(State_of_the_art)				0.595				0.695
Mengqiu Wang	mengqiu@cs.stanford.edu	Stanford University 	Question Answering (State of the art)	Yao (2013)	Yao et al. (2013)	http://aclweb.org/aclwiki/index.php?title=Question_Answering_(State_of_the_art)	Yao (2013)	2007	Yao (2013)	http://aclweb.org/aclwiki/index.php?title=Question_Answering_(State_of_the_art)				0.631				0.748
Mengqiu Wang	mengqiu@cs.stanford.edu	Stanford University 	Question Answering (State of the art)	S&M (2013)	Severyn and Moschitti (2013)	http://aclweb.org/aclwiki/index.php?title=Question_Answering_(State_of_the_art)	S&M (2013)	2007	S&M (2013)	http://aclweb.org/aclwiki/index.php?title=Question_Answering_(State_of_the_art)				0.678				0.736
Mengqiu Wang	mengqiu@cs.stanford.edu	Stanford University 	Question Answering (State of the art)	Shnarch (2013) - Backward	Shnarch (2013)	http://aclweb.org/aclwiki/index.php?title=Question_Answering_(State_of_the_art)	Shnarch (2013) - Backward	2007	Shnarch (2013) - Backward	http://aclweb.org/aclwiki/index.php?title=Question_Answering_(State_of_the_art)				0.686				0.754
Mengqiu Wang	mengqiu@cs.stanford.edu	Stanford University 	Question Answering (State of the art)	Yih (2013) - LCLR	Yih et al. (2013)	http://aclweb.org/aclwiki/index.php?title=Question_Answering_(State_of_the_art)	Yih (2013) - LCLR	2007	Yih (2013) - LCLR	http://aclweb.org/aclwiki/index.php?title=Question_Answering_(State_of_the_art)				0.709				0.77
Mengqiu Wang	mengqiu@cs.stanford.edu	Stanford University 	Question Answering (State of the art)	Yu (2014) - TRAIN-ALL bigram+count	Yu et al. (2014)	http://aclweb.org/aclwiki/index.php?title=Question_Answering_(State_of_the_art)	Yu (2014) - TRAIN-ALL bigram+count	2014	Yu (2014) - TRAIN-ALL bigram+count	http://aclweb.org/aclwiki/index.php?title=Question_Answering_(State_of_the_art)				0.711				0.785
Mengqiu Wang	mengqiu@cs.stanford.edu	Stanford University 	Question Answering (State of the art)	W&N (2015) - Three-Layer BLSTM+BM25	Wang and Nyberg (2015)	http://aclweb.org/aclwiki/index.php?title=Question_Answering_(State_of_the_art)	W&N (2015) - Three-Layer BLSTM+BM25	2015	W&N (2015) - Three-Layer BLSTM+BM25	http://aclweb.org/aclwiki/index.php?title=Question_Answering_(State_of_the_art)				0.713				0.791
Mengqiu Wang	mengqiu@cs.stanford.edu	Stanford University 	Question Answering (State of the art)	Feng (2015) - Architecture-II	Tan et al. (2015)	http://aclweb.org/aclwiki/index.php?title=Question_Answering_(State_of_the_art)	Feng (2015) - Architecture-II	2015	Feng (2015) - Architecture-II	http://aclweb.org/aclwiki/index.php?title=Question_Answering_(State_of_the_art)				0.711				0.8
Mengqiu Wang	mengqiu@cs.stanford.edu	Stanford University 	Question Answering (State of the art)	S&M (2015)	Severyn and Moschitti (2015)	http://aclweb.org/aclwiki/index.php?title=Question_Answering_(State_of_the_art)	S&M (2015)	2015	S&M (2015)	http://aclweb.org/aclwiki/index.php?title=Question_Answering_(State_of_the_art)				0.746				0.808
Mengqiu Wang	mengqiu@cs.stanford.edu	Stanford University 	Question Answering (State of the art)	W&I (2015)	Wang and Ittycheriah (2015)	http://aclweb.org/aclwiki/index.php?title=Question_Answering_(State_of_the_art)	W&I (2015)	2015	W&I (2015)	http://aclweb.org/aclwiki/index.php?title=Question_Answering_(State_of_the_art)				0.746				0.82
Mengqiu Wang	mengqiu@cs.stanford.edu	Stanford University 	Question Answering (State of the art)	Tan (2015) - QA-LSTM/CNN+attention	Tan et al. (2015)	http://aclweb.org/aclwiki/index.php?title=Question_Answering_(State_of_the_art)	Tan (2015) - QA-LSTM/CNN+attention	2015	Tan (2015) - QA-LSTM/CNN+attention	http://aclweb.org/aclwiki/index.php?title=Question_Answering_(State_of_the_art)				0.728				0.832
Mengqiu Wang	mengqiu@cs.stanford.edu	Stanford University 	Question Answering (State of the art)	dos Santos (2016) - Attentive Pooling CNN	dos Santos et al. (2016)	http://aclweb.org/aclwiki/index.php?title=Question_Answering_(State_of_the_art)	dos Santos (2016) - Attentive Pooling CNN	2016	dos Santos (2016) - Attentive Pooling CNN	http://aclweb.org/aclwiki/index.php?title=Question_Answering_(State_of_the_art)				0.753				0.851
Mengqiu Wang	mengqiu@cs.stanford.edu	Stanford University 	Question Answering (State of the art)	Wang et al. (2016) - Lexical Decomposition and Composition	Wang et al. (2016)	http://aclweb.org/aclwiki/index.php?title=Question_Answering_(State_of_the_art)	Wang et al. (2016) - Lexical Decomposition and Composition	2016	Wang et al. (2016) - Lexical Decomposition and Composition	http://aclweb.org/aclwiki/index.php?title=Question_Answering_(State_of_the_art)				0.771				0.845
Carreras and Màrquez 	punyakan@uiuc.edu	University of Illinois at Urbana-Champaign 	Semantic Role Labeling (State of the art)	SNoW SRL 	SNoW, ILP	http://aclweb.org/aclwiki/index.php?title=Semantic_Role_Labeling_(State_of_the_art)	SNoW SRL 	2005	SNoW SRL 	http://aclweb.org/aclwiki/index.php?title=Semantic_Role_Labeling_(State_of_the_art)				77.92				0
Carreras and Màrquez 	punyakan@uiuc.edu	University of Illinois at Urbana-Champaign 	Semantic Role Labeling (State of the art)	Pradhan	SVM	http://aclweb.org/aclwiki/index.php?title=Semantic_Role_Labeling_(State_of_the_art)	Pradhan	2005	Pradhan	http://aclweb.org/aclwiki/index.php?title=Semantic_Role_Labeling_(State_of_the_art)				77.3				0
Carreras and Màrquez 	punyakan@uiuc.edu	University of Illinois at Urbana-Champaign 	Semantic Role Labeling (State of the art)	Haghighi	MaxEnt	http://aclweb.org/aclwiki/index.php?title=Semantic_Role_Labeling_(State_of_the_art)	Haghighi	2005	Haghighi	http://aclweb.org/aclwiki/index.php?title=Semantic_Role_Labeling_(State_of_the_art)				77.04				0
Peter D. Turney	peter.turney@nrc.ca	UNIVERSITY OF COLORADO  	TOEFL Synonym Questions (State of the art)	RES 	Resnik (1995)	http://aclweb.org/aclwiki/index.php?title=TOEFL_Synonym_Questions_(State_of_the_art)	RES 	2013	RES 	http://aclweb.org/aclwiki/index.php?title=TOEFL_Synonym_Questions_(State_of_the_art)				20.31				31.83
Peter D. Turney	peter.turney@nrc.ca	UNIVERSITY OF COLORADO  	TOEFL Synonym Questions (State of the art)	LC	Leacock and Chodrow (1998)	http://aclweb.org/aclwiki/index.php?title=TOEFL_Synonym_Questions_(State_of_the_art)	LC	2013	LC	http://aclweb.org/aclwiki/index.php?title=TOEFL_Synonym_Questions_(State_of_the_art)				21.88				33.21
Peter D. Turney	peter.turney@nrc.ca	UNIVERSITY OF COLORADO  	TOEFL Synonym Questions (State of the art)	LIN	Lin (1998)	http://aclweb.org/aclwiki/index.php?title=TOEFL_Synonym_Questions_(State_of_the_art)	LIN	2013	LIN	http://aclweb.org/aclwiki/index.php?title=TOEFL_Synonym_Questions_(State_of_the_art)				24.06				35.94
Peter D. Turney	peter.turney@nrc.ca	UNIVERSITY OF COLORADO  	TOEFL Synonym Questions (State of the art)	Random	Random guessing	http://aclweb.org/aclwiki/index.php?title=TOEFL_Synonym_Questions_(State_of_the_art)	Random	2013	Random	http://aclweb.org/aclwiki/index.php?title=TOEFL_Synonym_Questions_(State_of_the_art)				25				35.94
Peter D. Turney	peter.turney@nrc.ca	UNIVERSITY OF COLORADO  	TOEFL Synonym Questions (State of the art)	JC	Jiang and Conrath (1997)	http://aclweb.org/aclwiki/index.php?title=TOEFL_Synonym_Questions_(State_of_the_art)	JC	2013	JC	http://aclweb.org/aclwiki/index.php?title=TOEFL_Synonym_Questions_(State_of_the_art)				25				35.94
Peter D. Turney	peter.turney@nrc.ca	UNIVERSITY OF COLORADO  	TOEFL Synonym Questions (State of the art)	LSA	Landauer and Dumais (1997)	http://aclweb.org/aclwiki/index.php?title=TOEFL_Synonym_Questions_(State_of_the_art)	LSA	2013	LSA	http://aclweb.org/aclwiki/index.php?title=TOEFL_Synonym_Questions_(State_of_the_art)				64.38				74.8
Peter D. Turney	peter.turney@nrc.ca	UNIVERSITY OF COLORADO  	TOEFL Synonym Questions (State of the art)	Human	Average non-English US college applicant	http://aclweb.org/aclwiki/index.php?title=TOEFL_Synonym_Questions_(State_of_the_art)	Human	2013	Human	http://aclweb.org/aclwiki/index.php?title=TOEFL_Synonym_Questions_(State_of_the_art)				64.5				74.88
Peter D. Turney	peter.turney@nrc.ca	UNIVERSITY OF COLORADO  	TOEFL Synonym Questions (State of the art)	RI	Karlgren and Sahlgren (2001)	http://aclweb.org/aclwiki/index.php?title=TOEFL_Synonym_Questions_(State_of_the_art)	RI	2013	RI	http://aclweb.org/aclwiki/index.php?title=TOEFL_Synonym_Questions_(State_of_the_art)				72.5				81.9
Peter D. Turney	peter.turney@nrc.ca	UNIVERSITY OF COLORADO  	TOEFL Synonym Questions (State of the art)	DS	Pado and Lapata (2007)	http://aclweb.org/aclwiki/index.php?title=TOEFL_Synonym_Questions_(State_of_the_art)	DS	2013	DS	http://aclweb.org/aclwiki/index.php?title=TOEFL_Synonym_Questions_(State_of_the_art)				73				82.96
Peter D. Turney	peter.turney@nrc.ca	UNIVERSITY OF COLORADO  	TOEFL Synonym Questions (State of the art)	PMI-IR	Turney (2001)	http://aclweb.org/aclwiki/index.php?title=TOEFL_Synonym_Questions_(State_of_the_art)	PMI-IR	2013	PMI-IR	http://aclweb.org/aclwiki/index.php?title=TOEFL_Synonym_Questions_(State_of_the_art)				73.75				82.96
Peter D. Turney	peter.turney@nrc.ca	UNIVERSITY OF COLORADO  	TOEFL Synonym Questions (State of the art)	PairClass	Turney (2008)	http://aclweb.org/aclwiki/index.php?title=TOEFL_Synonym_Questions_(State_of_the_art)	PairClass	2013	PairClass	http://aclweb.org/aclwiki/index.php?title=TOEFL_Synonym_Questions_(State_of_the_art)				76.25				85.06
Peter D. Turney	peter.turney@nrc.ca	UNIVERSITY OF COLORADO  	TOEFL Synonym Questions (State of the art)	HSO	Hirst and St.-Onge (1998)	http://aclweb.org/aclwiki/index.php?title=TOEFL_Synonym_Questions_(State_of_the_art)	HSO	2013	HSO	http://aclweb.org/aclwiki/index.php?title=TOEFL_Synonym_Questions_(State_of_the_art)				77.91				87.11
Peter D. Turney	peter.turney@nrc.ca	UNIVERSITY OF COLORADO  	TOEFL Synonym Questions (State of the art)	JS	Jarmasz and Szpakowicz (2003)	http://aclweb.org/aclwiki/index.php?title=TOEFL_Synonym_Questions_(State_of_the_art)	JS	2013	JS	http://aclweb.org/aclwiki/index.php?title=TOEFL_Synonym_Questions_(State_of_the_art)				78.75				87.11
Peter D. Turney	peter.turney@nrc.ca	UNIVERSITY OF COLORADO  	TOEFL Synonym Questions (State of the art)	PMI-IR	Terra and Clarke (2003)	http://aclweb.org/aclwiki/index.php?title=TOEFL_Synonym_Questions_(State_of_the_art)	PMI-IR	2013	PMI-IR	http://aclweb.org/aclwiki/index.php?title=TOEFL_Synonym_Questions_(State_of_the_art)				81.25				89.11
Peter D. Turney	peter.turney@nrc.ca	UNIVERSITY OF COLORADO  	TOEFL Synonym Questions (State of the art)	LC-IR	Higgins (2005)	http://aclweb.org/aclwiki/index.php?title=TOEFL_Synonym_Questions_(State_of_the_art)	LC-IR	2013	LC-IR	http://aclweb.org/aclwiki/index.php?title=TOEFL_Synonym_Questions_(State_of_the_art)				81.25				89.11
Peter D. Turney	peter.turney@nrc.ca	UNIVERSITY OF COLORADO  	TOEFL Synonym Questions (State of the art)	CWO	Ruiz-Casado et al. (2005)	http://aclweb.org/aclwiki/index.php?title=TOEFL_Synonym_Questions_(State_of_the_art)	CWO	2013	CWO	http://aclweb.org/aclwiki/index.php?title=TOEFL_Synonym_Questions_(State_of_the_art)				82.55				90.09
Peter D. Turney	peter.turney@nrc.ca	UNIVERSITY OF COLORADO  	TOEFL Synonym Questions (State of the art)	PPMIC	Bullinaria and Levy (2007)	http://aclweb.org/aclwiki/index.php?title=TOEFL_Synonym_Questions_(State_of_the_art)	PPMIC	2013	PPMIC	http://aclweb.org/aclwiki/index.php?title=TOEFL_Synonym_Questions_(State_of_the_art)				85				92
Peter D. Turney	peter.turney@nrc.ca	UNIVERSITY OF COLORADO  	TOEFL Synonym Questions (State of the art)	GLSA	Matveeva et al. (2005)	http://aclweb.org/aclwiki/index.php?title=TOEFL_Synonym_Questions_(State_of_the_art)	GLSA	2013	GLSA	http://aclweb.org/aclwiki/index.php?title=TOEFL_Synonym_Questions_(State_of_the_art)				86.25				92.93
Peter D. Turney	peter.turney@nrc.ca	UNIVERSITY OF COLORADO  	TOEFL Synonym Questions (State of the art)	SR	Tsatsaronis et al. (2010)	http://aclweb.org/aclwiki/index.php?title=TOEFL_Synonym_Questions_(State_of_the_art)	SR	2013	SR	http://aclweb.org/aclwiki/index.php?title=TOEFL_Synonym_Questions_(State_of_the_art)				87.5				93.84
Peter D. Turney	peter.turney@nrc.ca	UNIVERSITY OF COLORADO  	TOEFL Synonym Questions (State of the art)	DC-best	Dobó and Csirik (2013)	http://aclweb.org/aclwiki/index.php?title=TOEFL_Synonym_Questions_(State_of_the_art)	DC-best	2013	DC-best	http://aclweb.org/aclwiki/index.php?title=TOEFL_Synonym_Questions_(State_of_the_art)				88.75				94.72
Peter D. Turney	peter.turney@nrc.ca	UNIVERSITY OF COLORADO  	TOEFL Synonym Questions (State of the art)	LSA	Rapp (2003)	http://aclweb.org/aclwiki/index.php?title=TOEFL_Synonym_Questions_(State_of_the_art)	LSA	2013	LSA	http://aclweb.org/aclwiki/index.php?title=TOEFL_Synonym_Questions_(State_of_the_art)				92.5				97.2
Peter D. Turney	peter.turney@nrc.ca	UNIVERSITY OF COLORADO  	TOEFL Synonym Questions (State of the art)	LSA	Han (2014)	http://aclweb.org/aclwiki/index.php?title=TOEFL_Synonym_Questions_(State_of_the_art)	LSA	2013	LSA	http://aclweb.org/aclwiki/index.php?title=TOEFL_Synonym_Questions_(State_of_the_art)				95				98.62
Peter D. Turney	peter.turney@nrc.ca	UNIVERSITY OF COLORADO  	TOEFL Synonym Questions (State of the art)	ADW	Pilehvar et al. (2013)	http://aclweb.org/aclwiki/index.php?title=TOEFL_Synonym_Questions_(State_of_the_art)	ADW	2013	ADW	http://aclweb.org/aclwiki/index.php?title=TOEFL_Synonym_Questions_(State_of_the_art)				96.25				99.22
Peter D. Turney	peter.turney@nrc.ca	UNIVERSITY OF COLORADO  	TOEFL Synonym Questions (State of the art)	PR	Turney et al. (2003)	http://aclweb.org/aclwiki/index.php?title=TOEFL_Synonym_Questions_(State_of_the_art)	PR	2013	PR	http://aclweb.org/aclwiki/index.php?title=TOEFL_Synonym_Questions_(State_of_the_art)				97.5				99.7
Peter D. Turney	peter.turney@nrc.ca	UNIVERSITY OF COLORADO  	TOEFL Synonym Questions (State of the art)	PCCP	Bullinaria and Levy (2012)	http://aclweb.org/aclwiki/index.php?title=TOEFL_Synonym_Questions_(State_of_the_art)	PCCP	2013	PCCP	http://aclweb.org/aclwiki/index.php?title=TOEFL_Synonym_Questions_(State_of_the_art)				100				100
Peter D. Turney	peter.turney@nrc.ca	UNIVERSITY OF COLORADO  	ESL Synonym Questions (State of the art)	Random	Random guessing	http://aclweb.org/aclwiki/index.php?title=ESL_Synonym_Questions_(State_of_the_art)	Random	2013	Random	http://aclweb.org/aclwiki/index.php?title=ESL_Synonym_Questions_(State_of_the_art)				25				40.34
Peter D. Turney	peter.turney@nrc.ca	UNIVERSITY OF COLORADO  	ESL Synonym Questions (State of the art)	RES	Resnik (1995)	http://aclweb.org/aclwiki/index.php?title=ESL_Synonym_Questions_(State_of_the_art)	RES	2013	RES	http://aclweb.org/aclwiki/index.php?title=ESL_Synonym_Questions_(State_of_the_art)				32.66				48.77
Peter D. Turney	peter.turney@nrc.ca	UNIVERSITY OF COLORADO  	ESL Synonym Questions (State of the art)	LC	Leacock and Chodrow (1998)	http://aclweb.org/aclwiki/index.php?title=ESL_Synonym_Questions_(State_of_the_art)	LC	2013	LC	http://aclweb.org/aclwiki/index.php?title=ESL_Synonym_Questions_(State_of_the_art)				36				50.81
Peter D. Turney	peter.turney@nrc.ca	UNIVERSITY OF COLORADO  	ESL Synonym Questions (State of the art)	LIN	Lin (1998)	http://aclweb.org/aclwiki/index.php?title=ESL_Synonym_Questions_(State_of_the_art)	LIN	2013	LIN	http://aclweb.org/aclwiki/index.php?title=ESL_Synonym_Questions_(State_of_the_art)				36				50.81
Peter D. Turney	peter.turney@nrc.ca	UNIVERSITY OF COLORADO  	ESL Synonym Questions (State of the art)	JC	Jiang and Conrath (1997)	http://aclweb.org/aclwiki/index.php?title=ESL_Synonym_Questions_(State_of_the_art)	JC	2013	JC	http://aclweb.org/aclwiki/index.php?title=ESL_Synonym_Questions_(State_of_the_art)				36				50.81
Peter D. Turney	peter.turney@nrc.ca	UNIVERSITY OF COLORADO  	ESL Synonym Questions (State of the art)	HSO	Hirst and St.-Onge (1998)	http://aclweb.org/aclwiki/index.php?title=ESL_Synonym_Questions_(State_of_the_art)	HSO	2013	HSO	http://aclweb.org/aclwiki/index.php?title=ESL_Synonym_Questions_(State_of_the_art)				62				75.35
Peter D. Turney	peter.turney@nrc.ca	UNIVERSITY OF COLORADO  	ESL Synonym Questions (State of the art)	PMI-IR	Turney (2001)	http://aclweb.org/aclwiki/index.php?title=ESL_Synonym_Questions_(State_of_the_art)	PMI-IR	2013	PMI-IR	http://aclweb.org/aclwiki/index.php?title=ESL_Synonym_Questions_(State_of_the_art)				74				85.37
Peter D. Turney	peter.turney@nrc.ca	UNIVERSITY OF COLORADO  	ESL Synonym Questions (State of the art)	PMI-IR	Terra and Clarke (2003)	http://aclweb.org/aclwiki/index.php?title=ESL_Synonym_Questions_(State_of_the_art)	PMI-IR	2013	PMI-IR	http://aclweb.org/aclwiki/index.php?title=ESL_Synonym_Questions_(State_of_the_art)				80				89.97
Peter D. Turney	peter.turney@nrc.ca	UNIVERSITY OF COLORADO  	ESL Synonym Questions (State of the art)	JS	Jarmasz and Szpakowicz (2003)	http://aclweb.org/aclwiki/index.php?title=ESL_Synonym_Questions_(State_of_the_art)	JS	2013	JS	http://aclweb.org/aclwiki/index.php?title=ESL_Synonym_Questions_(State_of_the_art)				82				91.42
Taher 	emailexample@aclweb.org	Sapienza University of Rome 	RG-65 Test Collection (State of the art)	ADW	Pilehvar and Navigli (2015)	http://aclweb.org/aclwiki/index.php?title=RG-65_Test_Collection_(State_of_the_art)	ADW	2015	ADW	http://aclweb.org/aclwiki/index.php?title=RG-65_Test_Collection_(State_of_the_art)				0.92				0.91
Taher 	emailexample@aclweb.org	Sapienza University of Rome 	RG-65 Test Collection (State of the art)	Y&Q	Yih and Qazvinian (2012)	http://aclweb.org/aclwiki/index.php?title=RG-65_Test_Collection_(State_of_the_art)	Y&Q	2011	Y&Q	http://aclweb.org/aclwiki/index.php?title=RG-65_Test_Collection_(State_of_the_art)				0.89				0
Taher 	emailexample@aclweb.org	Sapienza University of Rome 	RG-65 Test Collection (State of the art)	SARI	Camacho-Collados et al. (2015)	http://aclweb.org/aclwiki/index.php?title=RG-65_Test_Collection_(State_of_the_art)	SARI	2011	SARI	http://aclweb.org/aclwiki/index.php?title=RG-65_Test_Collection_(State_of_the_art)				0.88				0.91
Taher 	emailexample@aclweb.org	Sapienza University of Rome 	RG-65 Test Collection (State of the art)	ADW	Pilehvar et al. (2013)	http://aclweb.org/aclwiki/index.php?title=RG-65_Test_Collection_(State_of_the_art)	ADW	2011	ADW	http://aclweb.org/aclwiki/index.php?title=RG-65_Test_Collection_(State_of_the_art)				0.868				0.81
Taher 	emailexample@aclweb.org	Sapienza University of Rome 	RG-65 Test Collection (State of the art)	PPR	Hughes and Ramage (2007)	http://aclweb.org/aclwiki/index.php?title=RG-65_Test_Collection_(State_of_the_art)	PPR	2011	PPR	http://aclweb.org/aclwiki/index.php?title=RG-65_Test_Collection_(State_of_the_art)				0.838				0
Taher 	emailexample@aclweb.org	Sapienza University of Rome 	RG-65 Test Collection (State of the art)	SSA	Hassan and Mihalcea (2011)	http://aclweb.org/aclwiki/index.php?title=RG-65_Test_Collection_(State_of_the_art)	SSA	2011	SSA	http://aclweb.org/aclwiki/index.php?title=RG-65_Test_Collection_(State_of_the_art)				0.833				0.861
Taher 	emailexample@aclweb.org	Sapienza University of Rome 	RG-65 Test Collection (State of the art)	PPR	Agirre et al. (2009)	http://aclweb.org/aclwiki/index.php?title=RG-65_Test_Collection_(State_of_the_art)	PPR	2011	PPR	http://aclweb.org/aclwiki/index.php?title=RG-65_Test_Collection_(State_of_the_art)				0.83				0
Taher 	emailexample@aclweb.org	Sapienza University of Rome 	RG-65 Test Collection (State of the art)	H&S	Hirst and St-Onge (1998)	http://aclweb.org/aclwiki/index.php?title=RG-65_Test_Collection_(State_of_the_art)	H&S	2011	H&S	http://aclweb.org/aclwiki/index.php?title=RG-65_Test_Collection_(State_of_the_art)				0.813				0.732
Taher 	emailexample@aclweb.org	Sapienza University of Rome 	RG-65 Test Collection (State of the art)	Roget	Jarmasz (2003)	http://aclweb.org/aclwiki/index.php?title=RG-65_Test_Collection_(State_of_the_art)	Roget	2011	Roget	http://aclweb.org/aclwiki/index.php?title=RG-65_Test_Collection_(State_of_the_art)				0.804				0.818
Taher 	emailexample@aclweb.org	Sapienza University of Rome 	RG-65 Test Collection (State of the art)	J&C	Jiang and Conrath (1997)	http://aclweb.org/aclwiki/index.php?title=RG-65_Test_Collection_(State_of_the_art)	J&C	2011	J&C	http://aclweb.org/aclwiki/index.php?title=RG-65_Test_Collection_(State_of_the_art)				0.804				0.731
Taher 	emailexample@aclweb.org	Sapienza University of Rome 	RG-65 Test Collection (State of the art)	WNE	Jarmasz (2003)	http://aclweb.org/aclwiki/index.php?title=RG-65_Test_Collection_(State_of_the_art)	WNE	2011	WNE	http://aclweb.org/aclwiki/index.php?title=RG-65_Test_Collection_(State_of_the_art)				0.801				0.787
Taher 	emailexample@aclweb.org	Sapienza University of Rome 	RG-65 Test Collection (State of the art)	L&C	Leacock and Chodorow (1998)	http://aclweb.org/aclwiki/index.php?title=RG-65_Test_Collection_(State_of_the_art)	L&C	2011	L&C	http://aclweb.org/aclwiki/index.php?title=RG-65_Test_Collection_(State_of_the_art)				0.797				0.852
Taher 	emailexample@aclweb.org	Sapienza University of Rome 	RG-65 Test Collection (State of the art)	Lin	Lin (1998)	http://aclweb.org/aclwiki/index.php?title=RG-65_Test_Collection_(State_of_the_art)	Lin	2011	Lin	http://aclweb.org/aclwiki/index.php?title=RG-65_Test_Collection_(State_of_the_art)				0.788				0.834
Taher 	emailexample@aclweb.org	Sapienza University of Rome 	RG-65 Test Collection (State of the art)	ESA*	Gabrilovich and Markovitch (2007)	http://aclweb.org/aclwiki/index.php?title=RG-65_Test_Collection_(State_of_the_art)	ESA*	2011	ESA*	http://aclweb.org/aclwiki/index.php?title=RG-65_Test_Collection_(State_of_the_art)				0.749				0.716
Taher 	emailexample@aclweb.org	Sapienza University of Rome 	RG-65 Test Collection (State of the art)	SOCPMI*	Islam and Inkpen (2006)	http://aclweb.org/aclwiki/index.php?title=RG-65_Test_Collection_(State_of_the_art)	SOCPMI*	2011	SOCPMI*	http://aclweb.org/aclwiki/index.php?title=RG-65_Test_Collection_(State_of_the_art)				0.741				0.729
Taher 	emailexample@aclweb.org	Sapienza University of Rome 	RG-65 Test Collection (State of the art)	Resnik	Resnik (1995)	http://aclweb.org/aclwiki/index.php?title=RG-65_Test_Collection_(State_of_the_art)	Resnik	2011	Resnik	http://aclweb.org/aclwiki/index.php?title=RG-65_Test_Collection_(State_of_the_art)				0.731				0.8
Taher 	emailexample@aclweb.org	Sapienza University of Rome 	RG-65 Test Collection (State of the art)	WLM	Milne and Witten (2008)	http://aclweb.org/aclwiki/index.php?title=RG-65_Test_Collection_(State_of_the_art)	WLM	2011	WLM	http://aclweb.org/aclwiki/index.php?title=RG-65_Test_Collection_(State_of_the_art)				0.64				0
Taher 	emailexample@aclweb.org	Sapienza University of Rome 	RG-65 Test Collection (State of the art)	LSA*	Landauer et al. (1997)	http://aclweb.org/aclwiki/index.php?title=RG-65_Test_Collection_(State_of_the_art)	LSA*	2011	LSA*	http://aclweb.org/aclwiki/index.php?title=RG-65_Test_Collection_(State_of_the_art)				0.609				0.644
Taher 	emailexample@aclweb.org	Sapienza University of Rome 	RG-65 Test Collection (State of the art)	WikiRelate	Strube and Ponzetto (2006)	http://aclweb.org/aclwiki/index.php?title=RG-65_Test_Collection_(State_of_the_art)	WikiRelate	2006	WikiRelate	http://aclweb.org/aclwiki/index.php?title=RG-65_Test_Collection_(State_of_the_art)				0				0.53
Philip Resnik 	philip.resnik@east.sun.com 	Sun Microsystems Laboratories 	MC-28 Test Collection (State of the art)	Human	Human upper bound	http://aclweb.org/aclwiki/index.php?title=MC-28_Test_Collection_(State_of_the_art)	Human	1995	Human	http://aclweb.org/aclwiki/index.php?title=MC-28_Test_Collection_(State_of_the_art)				0.934				0
Philip Resnik 	philip.resnik@east.sun.com 	Sun Microsystems Laboratories 	MC-28 Test Collection (State of the art)	PPR	Agirre et al. (2009)	http://aclweb.org/aclwiki/index.php?title=MC-28_Test_Collection_(State_of_the_art)	PPR	1996	PPR	http://aclweb.org/aclwiki/index.php?title=MC-28_Test_Collection_(State_of_the_art)				0.92				0
Philip Resnik 	philip.resnik@east.sun.com 	Sun Microsystems Laboratories 	MC-28 Test Collection (State of the art)	Gloss Vector	Patwardhan and Pedersen (2006)	http://aclweb.org/aclwiki/index.php?title=MC-28_Test_Collection_(State_of_the_art)	Gloss Vector	1997	Gloss Vector	http://aclweb.org/aclwiki/index.php?title=MC-28_Test_Collection_(State_of_the_art)				0.91				0
Philip Resnik 	philip.resnik@east.sun.com 	Sun Microsystems Laboratories 	MC-28 Test Collection (State of the art)	JS	Jarmasz and Szpakowicz (2003)	http://aclweb.org/aclwiki/index.php?title=MC-28_Test_Collection_(State_of_the_art)	JS	1998	JS	http://aclweb.org/aclwiki/index.php?title=MC-28_Test_Collection_(State_of_the_art)				0.87				0
Philip Resnik 	philip.resnik@east.sun.com 	Sun Microsystems Laboratories 	MC-28 Test Collection (State of the art)	SR	Tsatsaronis et al. (2010)	http://aclweb.org/aclwiki/index.php?title=MC-28_Test_Collection_(State_of_the_art)	SR	1999	SR	http://aclweb.org/aclwiki/index.php?title=MC-28_Test_Collection_(State_of_the_art)				0.856				0
Philip Resnik 	philip.resnik@east.sun.com 	Sun Microsystems Laboratories 	MC-28 Test Collection (State of the art)	KC	Kulkarni and Caragea (2009)	http://aclweb.org/aclwiki/index.php?title=MC-28_Test_Collection_(State_of_the_art)	KC	2000	KC	http://aclweb.org/aclwiki/index.php?title=MC-28_Test_Collection_(State_of_the_art)				0.835				0
Philip Resnik 	philip.resnik@east.sun.com 	Sun Microsystems Laboratories 	MC-28 Test Collection (State of the art)	LIN	Lin (1998)	http://aclweb.org/aclwiki/index.php?title=MC-28_Test_Collection_(State_of_the_art)	LIN	2001	LIN	http://aclweb.org/aclwiki/index.php?title=MC-28_Test_Collection_(State_of_the_art)				0.82				0
Philip Resnik 	philip.resnik@east.sun.com 	Sun Microsystems Laboratories 	MC-28 Test Collection (State of the art)	RES	Resnik (1995)	http://aclweb.org/aclwiki/index.php?title=MC-28_Test_Collection_(State_of_the_art)	RES	2002	RES	http://aclweb.org/aclwiki/index.php?title=MC-28_Test_Collection_(State_of_the_art)				0.81				0
Philip Resnik 	philip.resnik@east.sun.com 	Sun Microsystems Laboratories 	MC-28 Test Collection (State of the art)	DC-best	Dobó and Csirik (2013)	http://aclweb.org/aclwiki/index.php?title=MC-28_Test_Collection_(State_of_the_art)	DC-best	2003	DC-best	http://aclweb.org/aclwiki/index.php?title=MC-28_Test_Collection_(State_of_the_art)				0.773				0
Philip Resnik 	philip.resnik@east.sun.com 	Sun Microsystems Laboratories 	MC-28 Test Collection (State of the art)	GM	Gabrilovich and Markovitch (2007)	http://aclweb.org/aclwiki/index.php?title=MC-28_Test_Collection_(State_of_the_art)	GM	2004	GM	http://aclweb.org/aclwiki/index.php?title=MC-28_Test_Collection_(State_of_the_art)				0.72				0
Philip Resnik 	philip.resnik@east.sun.com 	Sun Microsystems Laboratories 	MC-28 Test Collection (State of the art)	WLM	Milne and Witten (2008)	http://aclweb.org/aclwiki/index.php?title=MC-28_Test_Collection_(State_of_the_art)	WLM	2005	WLM	http://aclweb.org/aclwiki/index.php?title=MC-28_Test_Collection_(State_of_the_art)				0.7				0
Philip Resnik 	philip.resnik@east.sun.com 	Sun Microsystems Laboratories 	MC-28 Test Collection (State of the art)	SH	Sahami and Heilman (2006)	http://aclweb.org/aclwiki/index.php?title=MC-28_Test_Collection_(State_of_the_art)	SH	2009	SH	http://aclweb.org/aclwiki/index.php?title=MC-28_Test_Collection_(State_of_the_art)				0.618				0
Felix Hill 	felix.hill@cl.cam.ac.uk 	University of Cambridge	SimLex-999 (State of the art)	Neural language model	Collobert & Weston (2008)[1]	http://aclweb.org/aclwiki/index.php?title=SimLex-999_(State_of_the_art)	Neural language model	2015	Neural language model	http://aclweb.org/aclwiki/index.php?title=MC-28_Test_Collection_(State_of_the_art)				0.268				0
Felix Hill 	felix.hill@cl.cam.ac.uk 	University of Cambridge	SimLex-999 (State of the art)	Neural language model with global context	Huang et al. (2012)[3]	http://aclweb.org/aclwiki/index.php?title=SimLex-999_(State_of_the_art)	Neural language model with global context	2015	Neural language model with global context	http://aclweb.org/aclwiki/index.php?title=MC-28_Test_Collection_(State_of_the_art)				0.098				0
Felix Hill 	felix.hill@cl.cam.ac.uk 	University of Cambridge	SimLex-999 (State of the art)	Word2vec	Mikolov et al. (2013)[4]	http://aclweb.org/aclwiki/index.php?title=SimLex-999_(State_of_the_art)	Word2vec	2015	Word2vec	http://aclweb.org/aclwiki/index.php?title=MC-28_Test_Collection_(State_of_the_art)				0.414				0
Felix Hill 	felix.hill@cl.cam.ac.uk 	University of Cambridge	SimLex-999 (State of the art)	Lesk		http://aclweb.org/aclwiki/index.php?title=SimLex-999_(State_of_the_art)	Lesk	2015	Lesk	http://aclweb.org/aclwiki/index.php?title=MC-28_Test_Collection_(State_of_the_art)				0.404				0.347
Felix Hill 	felix.hill@cl.cam.ac.uk 	University of Cambridge	SimLex-999 (State of the art)	UMBC	Han et al. (2013)[6]	http://aclweb.org/aclwiki/index.php?title=SimLex-999_(State_of_the_art)	UMBC	2015	UMBC	http://aclweb.org/aclwiki/index.php?title=MC-28_Test_Collection_(State_of_the_art)				0.558				0.557
Felix Hill 	felix.hill@cl.cam.ac.uk 	University of Cambridge	SimLex-999 (State of the art)	SVR4	Banjade et al. (2015)[5]	http://aclweb.org/aclwiki/index.php?title=SimLex-999_(State_of_the_art)	SVR4	2015	SVR4	http://aclweb.org/aclwiki/index.php?title=MC-28_Test_Collection_(State_of_the_art)				0.642				0.658
Felix Hill 	felix.hill@cl.cam.ac.uk 	University of Cambridge	SimLex-999 (State of the art)	ESA		http://aclweb.org/aclwiki/index.php?title=SimLex-999_(State_of_the_art)	ESA	2015	ESA	http://aclweb.org/aclwiki/index.php?title=MC-28_Test_Collection_(State_of_the_art)				0.271				0.145
Felix Hill 	felix.hill@cl.cam.ac.uk 	University of Cambridge	SimLex-999 (State of the art)	RNNenc	Hill et al. (2014b)[7]	http://aclweb.org/aclwiki/index.php?title=SimLex-999_(State_of_the_art)	RNNenc	2015	RNNenc	http://aclweb.org/aclwiki/index.php?title=MC-28_Test_Collection_(State_of_the_art)				0.52				0
Felix Hill 	felix.hill@cl.cam.ac.uk 	University of Cambridge	SimLex-999 (State of the art)	SP+	Schwartz et al. (2015)[8]	http://aclweb.org/aclwiki/index.php?title=SimLex-999_(State_of_the_art)	SP+	2015	SP+	http://aclweb.org/aclwiki/index.php?title=MC-28_Test_Collection_(State_of_the_art)				0.52				0
Felix Hill 	felix.hill@cl.cam.ac.uk 	University of Cambridge	SimLex-999 (State of the art)	joint(SP+,skip-gram)	Schwartz et al. (2015)[8]	http://aclweb.org/aclwiki/index.php?title=SimLex-999_(State_of_the_art)	joint(SP+,skip-gram)	2015	joint(SP+,skip-gram)	http://aclweb.org/aclwiki/index.php?title=MC-28_Test_Collection_(State_of_the_art)				0.56				0
András Dobó 	dobo@inf.u-szeged.hu 	University of Szeged 	WordSimilarity-353 Test Collection (State of the art)	L&C	Leacock and Chodorow (1998)	http://aclweb.org/aclwiki/index.php?title=WordSimilarity-353_Test_Collection_(State_of_the_art)	L&C	2013	L&C	http://aclweb.org/aclwiki/index.php?title=WordSimilarity-353_Test_Collection_(State_of_the_art)				0.302				0.356
András Dobó 	dobo@inf.u-szeged.hu 	University of Szeged 	WordSimilarity-353 Test Collection (State of the art)	WNE	Jarmasz (2003)	http://aclweb.org/aclwiki/index.php?title=WordSimilarity-353_Test_Collection_(State_of_the_art)	WNE	2013	WNE	http://aclweb.org/aclwiki/index.php?title=WordSimilarity-353_Test_Collection_(State_of_the_art)				0.305				0.271
András Dobó 	dobo@inf.u-szeged.hu 	University of Szeged 	WordSimilarity-353 Test Collection (State of the art)	J&C	Jiang and Conrath 1997	http://aclweb.org/aclwiki/index.php?title=WordSimilarity-353_Test_Collection_(State_of_the_art)	J&C	2013	J&C	http://aclweb.org/aclwiki/index.php?title=WordSimilarity-353_Test_Collection_(State_of_the_art)				0.318				0.354
András Dobó 	dobo@inf.u-szeged.hu 	University of Szeged 	WordSimilarity-353 Test Collection (State of the art)	L&C	Leacock and Chodorow (1998)	http://aclweb.org/aclwiki/index.php?title=WordSimilarity-353_Test_Collection_(State_of_the_art)	L&C	2013	L&C	http://aclweb.org/aclwiki/index.php?title=WordSimilarity-353_Test_Collection_(State_of_the_art)				0.348				0.341
András Dobó 	dobo@inf.u-szeged.hu 	University of Szeged 	WordSimilarity-353 Test Collection (State of the art)	H&S	Hirst and St-Onge (1998)	http://aclweb.org/aclwiki/index.php?title=WordSimilarity-353_Test_Collection_(State_of_the_art)	H&S	2013	H&S	http://aclweb.org/aclwiki/index.php?title=WordSimilarity-353_Test_Collection_(State_of_the_art)				0.302				0.356
András Dobó 	dobo@inf.u-szeged.hu 	University of Szeged 	WordSimilarity-353 Test Collection (State of the art)	Lin	Lin (1998)	http://aclweb.org/aclwiki/index.php?title=WordSimilarity-353_Test_Collection_(State_of_the_art)	Lin	2013	Lin	http://aclweb.org/aclwiki/index.php?title=WordSimilarity-353_Test_Collection_(State_of_the_art)				0.348				0.357
András Dobó 	dobo@inf.u-szeged.hu 	University of Szeged 	WordSimilarity-353 Test Collection (State of the art)	Resnik	Resnik (1995)	http://aclweb.org/aclwiki/index.php?title=WordSimilarity-353_Test_Collection_(State_of_the_art)	Resnik	2013	Resnik	http://aclweb.org/aclwiki/index.php?title=WordSimilarity-353_Test_Collection_(State_of_the_art)				0.353				0.365
András Dobó 	dobo@inf.u-szeged.hu 	University of Szeged 	WordSimilarity-353 Test Collection (State of the art)	ROGET	Jarmasz (2003)	http://aclweb.org/aclwiki/index.php?title=WordSimilarity-353_Test_Collection_(State_of_the_art)	ROGET	2013	ROGET	http://aclweb.org/aclwiki/index.php?title=WordSimilarity-353_Test_Collection_(State_of_the_art)				0.415				0.536
András Dobó 	dobo@inf.u-szeged.hu 	University of Szeged 	WordSimilarity-353 Test Collection (State of the art)	C&W	Collobert and Weston (2008)	http://aclweb.org/aclwiki/index.php?title=WordSimilarity-353_Test_Collection_(State_of_the_art)	C&W	2013	C&W	http://aclweb.org/aclwiki/index.php?title=WordSimilarity-353_Test_Collection_(State_of_the_art)				0.5				0
András Dobó 	dobo@inf.u-szeged.hu 	University of Szeged 	WordSimilarity-353 Test Collection (State of the art)	WikiRelate	Strube and Ponzetto (2006)	http://aclweb.org/aclwiki/index.php?title=WordSimilarity-353_Test_Collection_(State_of_the_art)	WikiRelate	2013	WikiRelate	http://aclweb.org/aclwiki/index.php?title=WordSimilarity-353_Test_Collection_(State_of_the_art)				0				0.48
András Dobó 	dobo@inf.u-szeged.hu 	University of Szeged 	WordSimilarity-353 Test Collection (State of the art)	LSA	Landauer et al. (1997)	http://aclweb.org/aclwiki/index.php?title=WordSimilarity-353_Test_Collection_(State_of_the_art)	LSA	2013	LSA	http://aclweb.org/aclwiki/index.php?title=WordSimilarity-353_Test_Collection_(State_of_the_art)				0.581				0.492
András Dobó 	dobo@inf.u-szeged.hu 	University of Szeged 	WordSimilarity-353 Test Collection (State of the art)	LSA	Landauer et al. (1997)	http://aclweb.org/aclwiki/index.php?title=WordSimilarity-353_Test_Collection_(State_of_the_art)	LSA	2013	LSA	http://aclweb.org/aclwiki/index.php?title=WordSimilarity-353_Test_Collection_(State_of_the_art)				0.581				0.563
András Dobó 	dobo@inf.u-szeged.hu 	University of Szeged 	WordSimilarity-353 Test Collection (State of the art)	simVB+simWN	Finkelstein et al. (2002)	http://aclweb.org/aclwiki/index.php?title=WordSimilarity-353_Test_Collection_(State_of_the_art)	simVB+simWN	2013	simVB+simWN	http://aclweb.org/aclwiki/index.php?title=WordSimilarity-353_Test_Collection_(State_of_the_art)				0				0.55
András Dobó 	dobo@inf.u-szeged.hu 	University of Szeged 	WordSimilarity-353 Test Collection (State of the art)	SSA	Hassan and Mihalcea (2011)	http://aclweb.org/aclwiki/index.php?title=WordSimilarity-353_Test_Collection_(State_of_the_art)	SSA	2013	SSA	http://aclweb.org/aclwiki/index.php?title=WordSimilarity-353_Test_Collection_(State_of_the_art)				0.622				0.629
András Dobó 	dobo@inf.u-szeged.hu 	University of Szeged 	WordSimilarity-353 Test Collection (State of the art)	HSMN+csmRNN	Luong et al. (2013)	http://aclweb.org/aclwiki/index.php?title=WordSimilarity-353_Test_Collection_(State_of_the_art)	HSMN+csmRNN	2013	HSMN+csmRNN	http://aclweb.org/aclwiki/index.php?title=WordSimilarity-353_Test_Collection_(State_of_the_art)				0.65				0
András Dobó 	dobo@inf.u-szeged.hu 	University of Szeged 	WordSimilarity-353 Test Collection (State of the art)	Multi-prototype	Huang et al. (2012)	http://aclweb.org/aclwiki/index.php?title=WordSimilarity-353_Test_Collection_(State_of_the_art)	Multi-prototype	2013	Multi-prototype	http://aclweb.org/aclwiki/index.php?title=WordSimilarity-353_Test_Collection_(State_of_the_art)				0.71				0
András Dobó 	dobo@inf.u-szeged.hu 	University of Szeged 	WordSimilarity-353 Test Collection (State of the art)	Multi-lingual SSA	Hassan et al. (2011)	http://aclweb.org/aclwiki/index.php?title=WordSimilarity-353_Test_Collection_(State_of_the_art)	Multi-lingual SSA	2013	Multi-lingual SSA	http://aclweb.org/aclwiki/index.php?title=WordSimilarity-353_Test_Collection_(State_of_the_art)				0.713				0.674
András Dobó 	dobo@inf.u-szeged.hu 	University of Szeged 	WordSimilarity-353 Test Collection (State of the art)	ESA	Gabrilovich and Markovitch (2007)	http://aclweb.org/aclwiki/index.php?title=WordSimilarity-353_Test_Collection_(State_of_the_art)	ESA	2013	ESA	http://aclweb.org/aclwiki/index.php?title=WordSimilarity-353_Test_Collection_(State_of_the_art)				0.748				0.503
András Dobó 	dobo@inf.u-szeged.hu 	University of Szeged 	WordSimilarity-353 Test Collection (State of the art)	TSA	Radinsky et al. (2011)	http://aclweb.org/aclwiki/index.php?title=WordSimilarity-353_Test_Collection_(State_of_the_art)	TSA	2013	TSA	http://aclweb.org/aclwiki/index.php?title=WordSimilarity-353_Test_Collection_(State_of_the_art)				0.8				0
András Dobó 	dobo@inf.u-szeged.hu 	University of Szeged 	WordSimilarity-353 Test Collection (State of the art)	CLEAR	Halawi et al. (2012)	http://aclweb.org/aclwiki/index.php?title=WordSimilarity-353_Test_Collection_(State_of_the_art)	CLEAR	2013	CLEAR	http://aclweb.org/aclwiki/index.php?title=WordSimilarity-353_Test_Collection_(State_of_the_art)				0.81				0
András Dobó 	dobo@inf.u-szeged.hu 	University of Szeged 	WordSimilarity-353 Test Collection (State of the art)	Y&Q	Yih and Qazvinian (2012)	http://aclweb.org/aclwiki/index.php?title=WordSimilarity-353_Test_Collection_(State_of_the_art)	Y&Q	2013	Y&Q	http://aclweb.org/aclwiki/index.php?title=WordSimilarity-353_Test_Collection_(State_of_the_art)				0.81				0
Christine Chiarello	emailexample@aclweb.org	Syracuse University Italy 	Similar-Associated-Both Test Collection (State of the art)	Dual-Space	Turney (2012)	http://aclweb.org/aclwiki/index.php?title=Similar-Associated-Both_Test_Collection_(State_of_the_art)	Dual-Space	2012	Dual-Space	http://aclweb.org/aclwiki/index.php?title=Similar-Associated-Both_Test_Collection_(State_of_the_art)				61.1				69.1
Christine Chiarello	emailexample@aclweb.org	Syracuse University Italy 	Similar-Associated-Both Test Collection (State of the art)	PairClass	Turney (2008)	http://aclweb.org/aclwiki/index.php?title=Similar-Associated-Both_Test_Collection_(State_of_the_art)	PairClass	2008	PairClass	http://aclweb.org/aclwiki/index.php?title=Similar-Associated-Both_Test_Collection_(State_of_the_art)				77.1				84.3
Michael L. Littman	mlittman@cs.rutgers.edu 	 Brown University 	SAT Analogy Questions (State of the art)	Random	Random guessing	http://aclweb.org/aclwiki/index.php?title=SAT_Analogy_Questions_(State_of_the_art)	Random	2003	Random	http://aclweb.org/aclwiki/index.php?title=SAT_Analogy_Questions_(State_of_the_art)				20				24.5
Michael L. Littman	mlittman@cs.rutgers.edu 	 Brown University 	SAT Analogy Questions (State of the art)	JC	Jiang and Conrath (1997)	http://aclweb.org/aclwiki/index.php?title=SAT_Analogy_Questions_(State_of_the_art)	JC	2003	JC	http://aclweb.org/aclwiki/index.php?title=SAT_Analogy_Questions_(State_of_the_art)				27.3				32.4
Michael L. Littman	mlittman@cs.rutgers.edu 	 Brown University 	SAT Analogy Questions (State of the art)	LIN	Lin (1998)	http://aclweb.org/aclwiki/index.php?title=SAT_Analogy_Questions_(State_of_the_art)	LIN	2003	LIN	http://aclweb.org/aclwiki/index.php?title=SAT_Analogy_Questions_(State_of_the_art)				27.3				32.4
Michael L. Littman	mlittman@cs.rutgers.edu 	 Brown University 	SAT Analogy Questions (State of the art)	LC	Leacock and Chodrow (1998)	http://aclweb.org/aclwiki/index.php?title=SAT_Analogy_Questions_(State_of_the_art)	LC	2003	LC	http://aclweb.org/aclwiki/index.php?title=SAT_Analogy_Questions_(State_of_the_art)				31.3				36.5
Michael L. Littman	mlittman@cs.rutgers.edu 	 Brown University 	SAT Analogy Questions (State of the art)	HSO	Hirst and St.-Onge (1998)	http://aclweb.org/aclwiki/index.php?title=SAT_Analogy_Questions_(State_of_the_art)	HSO	2003	HSO	http://aclweb.org/aclwiki/index.php?title=SAT_Analogy_Questions_(State_of_the_art)				32.1				37.4
Michael L. Littman	mlittman@cs.rutgers.edu 	 Brown University 	SAT Analogy Questions (State of the art)	RES	Resnik (1995)	http://aclweb.org/aclwiki/index.php?title=SAT_Analogy_Questions_(State_of_the_art)	RES	2003	RES	http://aclweb.org/aclwiki/index.php?title=SAT_Analogy_Questions_(State_of_the_art)				33.2				38.5
Michael L. Littman	mlittman@cs.rutgers.edu 	 Brown University 	SAT Analogy Questions (State of the art)	PMI-IR	Turney (2001)	http://aclweb.org/aclwiki/index.php?title=SAT_Analogy_Questions_(State_of_the_art)	PMI-IR	2003	PMI-IR	http://aclweb.org/aclwiki/index.php?title=SAT_Analogy_Questions_(State_of_the_art)				35				40.1
Michael L. Littman	mlittman@cs.rutgers.edu 	 Brown University 	SAT Analogy Questions (State of the art)	LSA+Predication	Mangalath et al. (2004)	http://aclweb.org/aclwiki/index.php?title=SAT_Analogy_Questions_(State_of_the_art)	LSA+Predication	2003	LSA+Predication	http://aclweb.org/aclwiki/index.php?title=SAT_Analogy_Questions_(State_of_the_art)				42				47.4
Michael L. Littman	mlittman@cs.rutgers.edu 	 Brown University 	SAT Analogy Questions (State of the art)	KNOW-BEST	Veale (2004)	http://aclweb.org/aclwiki/index.php?title=SAT_Analogy_Questions_(State_of_the_art)	KNOW-BEST	2003	KNOW-BEST	http://aclweb.org/aclwiki/index.php?title=SAT_Analogy_Questions_(State_of_the_art)				43				48.2
Michael L. Littman	mlittman@cs.rutgers.edu 	 Brown University 	SAT Analogy Questions (State of the art)	k-means	Bicici and Yuret (2006)	http://aclweb.org/aclwiki/index.php?title=SAT_Analogy_Questions_(State_of_the_art)	k-means	2003	k-means	http://aclweb.org/aclwiki/index.php?title=SAT_Analogy_Questions_(State_of_the_art)				44				49.3
Michael L. Littman	mlittman@cs.rutgers.edu 	 Brown University 	SAT Analogy Questions (State of the art)	BagPack	Herda?delen and Baroni (2009)	http://aclweb.org/aclwiki/index.php?title=SAT_Analogy_Questions_(State_of_the_art)	BagPack	2003	BagPack	http://aclweb.org/aclwiki/index.php?title=SAT_Analogy_Questions_(State_of_the_art)				44.1				49.3
Michael L. Littman	mlittman@cs.rutgers.edu 	 Brown University 	SAT Analogy Questions (State of the art)	VSM	Turney and Littman (2005)	http://aclweb.org/aclwiki/index.php?title=SAT_Analogy_Questions_(State_of_the_art)	VSM	2003	VSM	http://aclweb.org/aclwiki/index.php?title=SAT_Analogy_Questions_(State_of_the_art)				47.1				52.5
Michael L. Littman	mlittman@cs.rutgers.edu 	 Brown University 	SAT Analogy Questions (State of the art)	Dual-Space	Turney (2012)	http://aclweb.org/aclwiki/index.php?title=SAT_Analogy_Questions_(State_of_the_art)	Dual-Space	2003	Dual-Space	http://aclweb.org/aclwiki/index.php?title=SAT_Analogy_Questions_(State_of_the_art)				51.1				56.5
Michael L. Littman	mlittman@cs.rutgers.edu 	 Brown University 	SAT Analogy Questions (State of the art)	BMI	Bollegala et al. (2009)	http://aclweb.org/aclwiki/index.php?title=SAT_Analogy_Questions_(State_of_the_art)	BMI	2003	BMI	http://aclweb.org/aclwiki/index.php?title=SAT_Analogy_Questions_(State_of_the_art)				51.1				56.5
Michael L. Littman	mlittman@cs.rutgers.edu 	 Brown University 	SAT Analogy Questions (State of the art)	PairClass	Turney (2008)	http://aclweb.org/aclwiki/index.php?title=SAT_Analogy_Questions_(State_of_the_art)	PairClass	2003	PairClass	http://aclweb.org/aclwiki/index.php?title=SAT_Analogy_Questions_(State_of_the_art)				52.1				57.3
Michael L. Littman	mlittman@cs.rutgers.edu 	 Brown University 	SAT Analogy Questions (State of the art)	PERT	Turney (2006a)	http://aclweb.org/aclwiki/index.php?title=SAT_Analogy_Questions_(State_of_the_art)	PERT	2003	PERT	http://aclweb.org/aclwiki/index.php?title=SAT_Analogy_Questions_(State_of_the_art)				53.5				58.9
Michael L. Littman	mlittman@cs.rutgers.edu 	 Brown University 	SAT Analogy Questions (State of the art)	SuperSim	Turney (2013)	http://aclweb.org/aclwiki/index.php?title=SAT_Analogy_Questions_(State_of_the_art)	SuperSim	2003	SuperSim	http://aclweb.org/aclwiki/index.php?title=SAT_Analogy_Questions_(State_of_the_art)				54.8				59.9
Michael L. Littman	mlittman@cs.rutgers.edu 	 Brown University 	SAT Analogy Questions (State of the art)	LRA	Turney (2006b)	http://aclweb.org/aclwiki/index.php?title=SAT_Analogy_Questions_(State_of_the_art)	LRA	2003	LRA	http://aclweb.org/aclwiki/index.php?title=SAT_Analogy_Questions_(State_of_the_art)				56.1				61.2
Michael L. Littman	mlittman@cs.rutgers.edu 	 Brown University 	SAT Analogy Questions (State of the art)	Human	Average US college applicant	http://aclweb.org/aclwiki/index.php?title=SAT_Analogy_Questions_(State_of_the_art)	Human	2003	Human	http://aclweb.org/aclwiki/index.php?title=SAT_Analogy_Questions_(State_of_the_art)				57				62.3
Michael L. Littman	mlittman@cs.rutgers.edu 	 Brown University 	SAT Analogy Questions (State of the art)	Human Voting	Lofi (2013)	http://aclweb.org/aclwiki/index.php?title=SAT_Analogy_Questions_(State_of_the_art)	Human Voting	2003	Human Voting	http://aclweb.org/aclwiki/index.php?title=SAT_Analogy_Questions_(State_of_the_art)				81.5				85.4
David A. Jurgens1	jurgens@stanford.edu	Stanford University 	SemEval-2012 Task 2 (State of the art)	BUAP	Tovar et al. (2012)	http://aclweb.org/aclwiki/index.php?title=SemEval-2012_Task_2_(State_of_the_art)	BUAP	2014	BUAP	http://aclweb.org/aclwiki/index.php?title=SemEval-2012_Task_2_(State_of_the_art)				31.7				0.014
David A. Jurgens2	jurgens@stanford.edu	Stanford University 	SemEval-2012 Task 2 (State of the art)	Random baseline	Jurgens et al. (2012)	http://aclweb.org/aclwiki/index.php?title=SemEval-2012_Task_2_(State_of_the_art)	Random baseline	2014	Random baseline	http://aclweb.org/aclwiki/index.php?title=SemEval-2012_Task_2_(State_of_the_art)				31.2				0.018
David A. Jurgens3	jurgens@stanford.edu	Stanford University 	SemEval-2012 Task 2 (State of the art)	Duluth-V2	Pedersen (2012)	http://aclweb.org/aclwiki/index.php?title=SemEval-2012_Task_2_(State_of_the_art)	Duluth-V2	2014	Duluth-V2	http://aclweb.org/aclwiki/index.php?title=SemEval-2012_Task_2_(State_of_the_art)				31.1				0.038
David A. Jurgens4	jurgens@stanford.edu	Stanford University 	SemEval-2012 Task 2 (State of the art)	Duluth-V1	Pedersen (2012)	http://aclweb.org/aclwiki/index.php?title=SemEval-2012_Task_2_(State_of_the_art)	Duluth-V1	2014	Duluth-V1	http://aclweb.org/aclwiki/index.php?title=SemEval-2012_Task_2_(State_of_the_art)				31.5				0.039
David A. Jurgens5	jurgens@stanford.edu	Stanford University 	SemEval-2012 Task 2 (State of the art)	Duluth-V0	Pedersen (2012)	http://aclweb.org/aclwiki/index.php?title=SemEval-2012_Task_2_(State_of_the_art)	Duluth-V0	2014	Duluth-V0	http://aclweb.org/aclwiki/index.php?title=SemEval-2012_Task_2_(State_of_the_art)				32.4				0.05
David A. Jurgens6	jurgens@stanford.edu	Stanford University 	SemEval-2012 Task 2 (State of the art)	PMI baseline	Jurgens et al. (2012)	http://aclweb.org/aclwiki/index.php?title=SemEval-2012_Task_2_(State_of_the_art)	PMI baseline	2014	PMI baseline	http://aclweb.org/aclwiki/index.php?title=SemEval-2012_Task_2_(State_of_the_art)				33.9				0.112
David A. Jurgens7	jurgens@stanford.edu	Stanford University 	SemEval-2012 Task 2 (State of the art)	UTD-SVM	Rink & Harabagiu (2012)	http://aclweb.org/aclwiki/index.php?title=SemEval-2012_Task_2_(State_of_the_art)	UTD-SVM	2014	UTD-SVM	http://aclweb.org/aclwiki/index.php?title=SemEval-2012_Task_2_(State_of_the_art)				34.7				0.116
David A. Jurgens8	jurgens@stanford.edu	Stanford University 	SemEval-2012 Task 2 (State of the art)	UTD-NB	Rink & Harabagiu (2012)	http://aclweb.org/aclwiki/index.php?title=SemEval-2012_Task_2_(State_of_the_art)	UTD-NB	2014	UTD-NB	http://aclweb.org/aclwiki/index.php?title=SemEval-2012_Task_2_(State_of_the_art)				39.4				0.229
David A. Jurgens9	jurgens@stanford.edu	Stanford University 	SemEval-2012 Task 2 (State of the art)	RNN-1600	Mikolov et al. (2013)	http://aclweb.org/aclwiki/index.php?title=SemEval-2012_Task_2_(State_of_the_art)	RNN-1600	2014	RNN-1600	http://aclweb.org/aclwiki/index.php?title=SemEval-2012_Task_2_(State_of_the_art)				41.8				0.275
David A. Jurgens10	jurgens@stanford.edu	Stanford University 	SemEval-2012 Task 2 (State of the art)	UTD-LDA	Rink & Harabagiu (2013)	http://aclweb.org/aclwiki/index.php?title=SemEval-2012_Task_2_(State_of_the_art)	UTD-LDA	2014	UTD-LDA	http://aclweb.org/aclwiki/index.php?title=SemEval-2012_Task_2_(State_of_the_art)				0				0.334
David A. Jurgens11	jurgens@stanford.edu	Stanford University 	SemEval-2012 Task 2 (State of the art)	PairDirection	Levy & Goldberg (2014)	http://aclweb.org/aclwiki/index.php?title=SemEval-2012_Task_2_(State_of_the_art)	PairDirection	2014	PairDirection	http://aclweb.org/aclwiki/index.php?title=SemEval-2012_Task_2_(State_of_the_art)				45.2				0
David A. Jurgens12	jurgens@stanford.edu	Stanford University 	SemEval-2012 Task 2 (State of the art)	Com	Zhila et al. (2013)	http://aclweb.org/aclwiki/index.php?title=SemEval-2012_Task_2_(State_of_the_art)	Com	2014	Com	http://aclweb.org/aclwiki/index.php?title=SemEval-2012_Task_2_(State_of_the_art)				45.2				0.353
David A. Jurgens13	jurgens@stanford.edu	Stanford University 	SemEval-2012 Task 2 (State of the art)	SuperSim	Turney (2013)	http://aclweb.org/aclwiki/index.php?title=SemEval-2012_Task_2_(State_of_the_art)	SuperSim	2014	SuperSim	http://aclweb.org/aclwiki/index.php?title=SemEval-2012_Task_2_(State_of_the_art)				47.2				0.408
Tomas Mikolov 	emailexample@aclweb.org	Microsoft Research 	Syntactic Analogies (State of the art)	CW-100	Mikolov et al. (2013)	http://aclweb.org/aclwiki/index.php?title=Syntactic_Analogies_(State_of_the_art)	CW-100	2013	CW-100	http://aclweb.org/aclwiki/index.php?title=Syntactic_Analogies_(State_of_the_art)				5				0
Tomas Mikolov 	emailexample@aclweb.org	Microsoft Research 	Syntactic Analogies (State of the art)	HLBL-100	Mikolov et al. (2013)	http://aclweb.org/aclwiki/index.php?title=Syntactic_Analogies_(State_of_the_art)	HLBL-100	2013	HLBL-100	http://aclweb.org/aclwiki/index.php?title=Syntactic_Analogies_(State_of_the_art)				18.7				0
Tomas Mikolov 	emailexample@aclweb.org	Microsoft Research 	Syntactic Analogies (State of the art)	RNN-1600	Mikolov et al. (2013)	http://aclweb.org/aclwiki/index.php?title=Syntactic_Analogies_(State_of_the_art)	RNN-1600	2013	RNN-1600	http://aclweb.org/aclwiki/index.php?title=Syntactic_Analogies_(State_of_the_art)				39.6				0
Tomas Mikolov 	emailexample@aclweb.org	Microsoft Research 	Syntactic Analogies (State of the art)	vLBL+NCE5	Mnih and Kavukcuoglu (2013)	http://aclweb.org/aclwiki/index.php?title=Syntactic_Analogies_(State_of_the_art)	vLBL+NCE5	2013	vLBL+NCE5	http://aclweb.org/aclwiki/index.php?title=Syntactic_Analogies_(State_of_the_art)				60.8				0
Peter D. Turney	peter.turney@nrc.ca	UNIVERSITY OF COLORADO  	Noun-Modifier Questions (State of the art)	Vector addition	Landauer and Dumais (1997)	http://aclweb.org/aclwiki/index.php?title=Noun-Modifier_Questions_(State_of_the_art)	Vector addition	2013	Vector addition	http://aclweb.org/aclwiki/index.php?title=Noun-Modifier_Questions_(State_of_the_art)				50.1				22.5
Peter D. Turney	peter.turney@nrc.ca	UNIVERSITY OF COLORADO  	Noun-Modifier Questions (State of the art)	Element-wise multiplication	Mitchell and Lapata (2008)	http://aclweb.org/aclwiki/index.php?title=Noun-Modifier_Questions_(State_of_the_art)	Element-wise multiplication	2013	Element-wise multiplication	http://aclweb.org/aclwiki/index.php?title=Noun-Modifier_Questions_(State_of_the_art)				57.5				27.4
Peter D. Turney	peter.turney@nrc.ca	UNIVERSITY OF COLORADO  	Noun-Modifier Questions (State of the art)	Dual-Space model	Turney (2012)	http://aclweb.org/aclwiki/index.php?title=Noun-Modifier_Questions_(State_of_the_art)	Dual-Space model	2013	Dual-Space model	http://aclweb.org/aclwiki/index.php?title=Noun-Modifier_Questions_(State_of_the_art)				58.3				41.5
Peter D. Turney	peter.turney@nrc.ca	UNIVERSITY OF COLORADO  	Noun-Modifier Questions (State of the art)	SuperSim	Turney (2013)	http://aclweb.org/aclwiki/index.php?title=Noun-Modifier_Questions_(State_of_the_art)	SuperSim	2013	SuperSim	http://aclweb.org/aclwiki/index.php?title=Noun-Modifier_Questions_(State_of_the_art)				75.9				68
Peter D. Turney	peter.turney@nrc.ca	UNIVERSITY OF COLORADO  	Noun-Modifier Questions (State of the art)	Holistic model	Turney (2012)	http://aclweb.org/aclwiki/index.php?title=Noun-Modifier_Questions_(State_of_the_art)	Holistic model	2013	Holistic model	http://aclweb.org/aclwiki/index.php?title=Noun-Modifier_Questions_(State_of_the_art)				81.6				0
Dolan, B. 	emailexample@aclweb.org	 Microsoft Research 	Paraphrase Identification (State of the art)	Vector Based Similarity (Baseline)	cosine similarity with tf-idf weighting	http://aclweb.org/aclwiki/index.php?title=Paraphrase_Identification_(State_of_the_art)	Vector Based Similarity (Baseline)	2015	Vector Based Similarity (Baseline)	http://aclweb.org/aclwiki/index.php?title=Paraphrase_Identification_(State_of_the_art)				65.4				75.3
Dolan, B. 	emailexample@aclweb.org	 Microsoft Research 	Paraphrase Identification (State of the art)	ESA	explicit semantic space	http://aclweb.org/aclwiki/index.php?title=Paraphrase_Identification_(State_of_the_art)	ESA	2015	ESA	http://aclweb.org/aclwiki/index.php?title=Paraphrase_Identification_(State_of_the_art)				67				79.3
Dolan, B. 	emailexample@aclweb.org	 Microsoft Research 	Paraphrase Identification (State of the art)	KM	combination of lexical and semantic features	http://aclweb.org/aclwiki/index.php?title=Paraphrase_Identification_(State_of_the_art)	KM	2015	KM	http://aclweb.org/aclwiki/index.php?title=Paraphrase_Identification_(State_of_the_art)				76.6				79.6
Dolan, B. 	emailexample@aclweb.org	 Microsoft Research 	Paraphrase Identification (State of the art)	LSA	latent semantic space	http://aclweb.org/aclwiki/index.php?title=Paraphrase_Identification_(State_of_the_art)	LSA	2015	LSA	http://aclweb.org/aclwiki/index.php?title=Paraphrase_Identification_(State_of_the_art)				68.8				79.9
Dolan, B. 	emailexample@aclweb.org	 Microsoft Research 	Paraphrase Identification (State of the art)	RMLMG	graph subsumption	http://aclweb.org/aclwiki/index.php?title=Paraphrase_Identification_(State_of_the_art)	RMLMG	2015	RMLMG	http://aclweb.org/aclwiki/index.php?title=Paraphrase_Identification_(State_of_the_art)				70.6				80.5
Dolan, B. 	emailexample@aclweb.org	 Microsoft Research 	Paraphrase Identification (State of the art)	MCS	combination of several word similarity measures	http://aclweb.org/aclwiki/index.php?title=Paraphrase_Identification_(State_of_the_art)	MCS	2015	MCS	http://aclweb.org/aclwiki/index.php?title=Paraphrase_Identification_(State_of_the_art)				70.3				81.3
Dolan, B. 	emailexample@aclweb.org	 Microsoft Research 	Paraphrase Identification (State of the art)	STS	combination of semantic and string similarity	http://aclweb.org/aclwiki/index.php?title=Paraphrase_Identification_(State_of_the_art)	STS	2015	STS	http://aclweb.org/aclwiki/index.php?title=Paraphrase_Identification_(State_of_the_art)				72.6				81.3
Dolan, B. 	emailexample@aclweb.org	 Microsoft Research 	Paraphrase Identification (State of the art)	SSA	salient semantic space	http://aclweb.org/aclwiki/index.php?title=Paraphrase_Identification_(State_of_the_art)	SSA	2015	SSA	http://aclweb.org/aclwiki/index.php?title=Paraphrase_Identification_(State_of_the_art)				72.5				81.4
Dolan, B. 	emailexample@aclweb.org	 Microsoft Research 	Paraphrase Identification (State of the art)	QKC	sentence dissimilarity classification	http://aclweb.org/aclwiki/index.php?title=Paraphrase_Identification_(State_of_the_art)	QKC	2015	QKC	http://aclweb.org/aclwiki/index.php?title=Paraphrase_Identification_(State_of_the_art)				72				81.6
Dolan, B. 	emailexample@aclweb.org	 Microsoft Research 	Paraphrase Identification (State of the art)	ParaDetect	PI using semantic heuristic features	http://aclweb.org/aclwiki/index.php?title=Paraphrase_Identification_(State_of_the_art)	ParaDetect	2015	ParaDetect	http://aclweb.org/aclwiki/index.php?title=Paraphrase_Identification_(State_of_the_art)				74.7				81.8
Dolan, B. 	emailexample@aclweb.org	 Microsoft Research 	Paraphrase Identification (State of the art)	Vector-based similarity	Additive composition of vectors and cosine distance	http://aclweb.org/aclwiki/index.php?title=Paraphrase_Identification_(State_of_the_art)	Vector-based similarity	2015	Vector-based similarity	http://aclweb.org/aclwiki/index.php?title=Paraphrase_Identification_(State_of_the_art)				73				82
Dolan, B. 	emailexample@aclweb.org	 Microsoft Research 	Paraphrase Identification (State of the art)	SDS	simple distributional semantic space	http://aclweb.org/aclwiki/index.php?title=Paraphrase_Identification_(State_of_the_art)	SDS	2015	SDS	http://aclweb.org/aclwiki/index.php?title=Paraphrase_Identification_(State_of_the_art)				73				82.3
Dolan, B. 	emailexample@aclweb.org	 Microsoft Research 	Paraphrase Identification (State of the art)	matrixJcn	JCN WordNet similarity with matrix	http://aclweb.org/aclwiki/index.php?title=Paraphrase_Identification_(State_of_the_art)	matrixJcn	2015	matrixJcn	http://aclweb.org/aclwiki/index.php?title=Paraphrase_Identification_(State_of_the_art)				74.1				82.4
Dolan, B. 	emailexample@aclweb.org	 Microsoft Research 	Paraphrase Identification (State of the art)	FHS	combination of MT evaluation measures as features	http://aclweb.org/aclwiki/index.php?title=Paraphrase_Identification_(State_of_the_art)	FHS	2015	FHS	http://aclweb.org/aclwiki/index.php?title=Paraphrase_Identification_(State_of_the_art)				75				82.7
Dolan, B. 	emailexample@aclweb.org	 Microsoft Research 	Paraphrase Identification (State of the art)	PE	product of experts	http://aclweb.org/aclwiki/index.php?title=Paraphrase_Identification_(State_of_the_art)	PE	2015	PE	http://aclweb.org/aclwiki/index.php?title=Paraphrase_Identification_(State_of_the_art)				76.1				82.7
Dolan, B. 	emailexample@aclweb.org	 Microsoft Research 	Paraphrase Identification (State of the art)	WDDP	dependency-based features	http://aclweb.org/aclwiki/index.php?title=Paraphrase_Identification_(State_of_the_art)	WDDP	2015	WDDP	http://aclweb.org/aclwiki/index.php?title=Paraphrase_Identification_(State_of_the_art)				75.6				83
Dolan, B. 	emailexample@aclweb.org	 Microsoft Research 	Paraphrase Identification (State of the art)	SHPNM	recursive autoencoder with dynamic pooling	http://aclweb.org/aclwiki/index.php?title=Paraphrase_Identification_(State_of_the_art)	SHPNM	2015	SHPNM	http://aclweb.org/aclwiki/index.php?title=Paraphrase_Identification_(State_of_the_art)				76.8				83.6
Dolan, B. 	emailexample@aclweb.org	 Microsoft Research 	Paraphrase Identification (State of the art)	MTMETRICS	combination of eight machine translation metrics	http://aclweb.org/aclwiki/index.php?title=Paraphrase_Identification_(State_of_the_art)	MTMETRICS	2015	MTMETRICS	http://aclweb.org/aclwiki/index.php?title=Paraphrase_Identification_(State_of_the_art)				77.4				84.1
Dolan, B. 	emailexample@aclweb.org	 Microsoft Research 	Paraphrase Identification (State of the art)	Multi-Perspective CNN	Multi-perspective Convolutional NNs and structured similarity layer	http://aclweb.org/aclwiki/index.php?title=Paraphrase_Identification_(State_of_the_art)	Multi-Perspective CNN	2015	Multi-Perspective CNN	http://aclweb.org/aclwiki/index.php?title=Paraphrase_Identification_(State_of_the_art)				78.6				84.7
Dolan, B. 	emailexample@aclweb.org	 Microsoft Research 	Paraphrase Identification (State of the art)	SAMS-RecNN	Recursive NNs using syntax-aware multi-sense word embeddings	http://aclweb.org/aclwiki/index.php?title=Paraphrase_Identification_(State_of_the_art)	SAMS-RecNN	2015	SAMS-RecNN	http://aclweb.org/aclwiki/index.php?title=Paraphrase_Identification_(State_of_the_art)				78.6				85.3
Dolan, B. 	emailexample@aclweb.org	 Microsoft Research 	Paraphrase Identification (State of the art)	TF-KLD	Matrix factorization with supervised reweighting	http://aclweb.org/aclwiki/index.php?title=Paraphrase_Identification_(State_of_the_art)	TF-KLD	2015	TF-KLD	http://aclweb.org/aclwiki/index.php?title=Paraphrase_Identification_(State_of_the_art)				80.4				85.9
James Pustejovsky	tempeval@timeml.org	Brandeis University 	Temporal Information Extraction (State of the art)	SUTime	deterministic rule-based	http://aclweb.org/aclwiki/index.php?title=Temporal_Information_Extraction_(State_of_the_art)	SUTime	2013	SUTime	http://aclweb.org/aclwiki/index.php?title=Paraphrase_Identification_(State_of_the_art)				74.6				67.38
James Pustejovsky	tempeval@timeml.org	Brandeis University 	Temporal Information Extraction (State of the art)	NavyTime (1,2)	rule-based	http://aclweb.org/aclwiki/index.php?title=Temporal_Information_Extraction_(State_of_the_art)	NavyTime (1,2)	2013	NavyTime (1,2)	http://aclweb.org/aclwiki/index.php?title=Paraphrase_Identification_(State_of_the_art)				78.58				70.97
James Pustejovsky	tempeval@timeml.org	Brandeis University 	Temporal Information Extraction (State of the art)	ManTIME (4)	CRF, probabilistic post-processing pipeline, rule-based normaliser	http://aclweb.org/aclwiki/index.php?title=Temporal_Information_Extraction_(State_of_the_art)	ManTIME (4)	2013	ManTIME (4)	http://aclweb.org/aclwiki/index.php?title=Paraphrase_Identification_(State_of_the_art)				76.92				68.97
James Pustejovsky	tempeval@timeml.org	Brandeis University 	Temporal Information Extraction (State of the art)	KUL (2)	Logistic regression, post-processing, rule-based normaliser	http://aclweb.org/aclwiki/index.php?title=Temporal_Information_Extraction_(State_of_the_art)	KUL (2)	2013	KUL (2)	http://aclweb.org/aclwiki/index.php?title=Paraphrase_Identification_(State_of_the_art)				75.24				62.95
James Pustejovsky	tempeval@timeml.org	Brandeis University 	Temporal Information Extraction (State of the art)	JU-CSE	CRF, rule-based normaliser	http://aclweb.org/aclwiki/index.php?title=Temporal_Information_Extraction_(State_of_the_art)	JU-CSE	2013	JU-CSE	http://aclweb.org/aclwiki/index.php?title=Paraphrase_Identification_(State_of_the_art)				73.87				63.81
James Pustejovsky	tempeval@timeml.org	Brandeis University 	Temporal Information Extraction (State of the art)	HeidelTime (t)	rule-based	http://aclweb.org/aclwiki/index.php?title=Temporal_Information_Extraction_(State_of_the_art)	HeidelTime (t)	2013	HeidelTime (t)	http://aclweb.org/aclwiki/index.php?title=Paraphrase_Identification_(State_of_the_art)				85.95				77.61
James Pustejovsky	tempeval@timeml.org	Brandeis University 	Temporal Information Extraction (State of the art)	FSS-TimEx	rule-based	http://aclweb.org/aclwiki/index.php?title=Temporal_Information_Extraction_(State_of_the_art)	FSS-TimEx	2013	FSS-TimEx	http://aclweb.org/aclwiki/index.php?title=Paraphrase_Identification_(State_of_the_art)				68.47				58.24
James Pustejovsky	tempeval@timeml.org	Brandeis University 	Temporal Information Extraction (State of the art)	ClearTK (1,2)	SVM, Logistic Regression, third party normaliser	http://aclweb.org/aclwiki/index.php?title=Temporal_Information_Extraction_(State_of_the_art)	ClearTK (1,2)	2013	ClearTK (1,2)	http://aclweb.org/aclwiki/index.php?title=Paraphrase_Identification_(State_of_the_art)				71.66				64.66
James Pustejovsky	tempeval@timeml.org	Brandeis University 	Temporal Information Extraction (State of the art)	ATT (2)	MaxEnt, third party normalisers	http://aclweb.org/aclwiki/index.php?title=Temporal_Information_Extraction_(State_of_the_art)	ATT (2)	2013	ATT (2)	http://aclweb.org/aclwiki/index.php?title=Paraphrase_Identification_(State_of_the_art)				76.91				65.57
James Pustejovsky	tempeval@timeml.org	Brandeis University 	Temporal Information Extraction (State of the art)	Temp: (ESAfeature)	X, 2013	http://aclweb.org/aclwiki/index.php?title=Temporal_Information_Extraction_(State_of_the_art)	Temp: (ESAfeature)	2013	Temp: (ESAfeature)	http://aclweb.org/aclwiki/index.php?title=Paraphrase_Identification_(State_of_the_art)				68.97				54.55
James Pustejovsky	tempeval@timeml.org	Brandeis University 	Temporal Information Extraction (State of the art)	NavyTime (1)	[2]	http://aclweb.org/aclwiki/index.php?title=Temporal_Information_Extraction_(State_of_the_art)	NavyTime (1)	2013	NavyTime (1)	http://aclweb.org/aclwiki/index.php?title=Paraphrase_Identification_(State_of_the_art)				80.3				67.48
James Pustejovsky	tempeval@timeml.org	Brandeis University 	Temporal Information Extraction (State of the art)	KUL (2)	[8]	http://aclweb.org/aclwiki/index.php?title=Temporal_Information_Extraction_(State_of_the_art)	KUL (2)	2013	KUL (2)	http://aclweb.org/aclwiki/index.php?title=Paraphrase_Identification_(State_of_the_art)				79.32				70.17
James Pustejovsky	tempeval@timeml.org	Brandeis University 	Temporal Information Extraction (State of the art)	JU_CSE	[7]	http://aclweb.org/aclwiki/index.php?title=Temporal_Information_Extraction_(State_of_the_art)	JU_CSE	2013	JU_CSE	http://aclweb.org/aclwiki/index.php?title=Paraphrase_Identification_(State_of_the_art)				78.62				52.69
James Pustejovsky	tempeval@timeml.org	Brandeis University 	Temporal Information Extraction (State of the art)	FSS-TimeEx	[9]	http://aclweb.org/aclwiki/index.php?title=Temporal_Information_Extraction_(State_of_the_art)	FSS-TimeEx	2013	FSS-TimeEx	http://aclweb.org/aclwiki/index.php?title=Paraphrase_Identification_(State_of_the_art)				65.06				42.94
James Pustejovsky	tempeval@timeml.org	Brandeis University 	Temporal Information Extraction (State of the art)	ClearTK (4)	[6]	http://aclweb.org/aclwiki/index.php?title=Temporal_Information_Extraction_(State_of_the_art)	ClearTK (4)	2013	ClearTK (4)	http://aclweb.org/aclwiki/index.php?title=Paraphrase_Identification_(State_of_the_art)				78.81				67.87
James Pustejovsky	tempeval@timeml.org	Brandeis University 	Temporal Information Extraction (State of the art)	ATT (1)	[5]	http://aclweb.org/aclwiki/index.php?title=Temporal_Information_Extraction_(State_of_the_art)	ATT (1)	2013	ATT (1)	http://aclweb.org/aclwiki/index.php?title=Paraphrase_Identification_(State_of_the_art)				81.05				71.88
James Pustejovsky	tempeval@timeml.org	Brandeis University 	Temporal Information Extraction (State of the art)	Baseline	Memorize	http://aclweb.org/aclwiki/index.php?title=Temporal_Information_Extraction_(State_of_the_art)	Baseline	2013	Baseline	http://aclweb.org/aclwiki/index.php?title=Paraphrase_Identification_(State_of_the_art)				0.813				0.966
James Pustejovsky	tempeval@timeml.org	Brandeis University 	Temporal Information Extraction (State of the art)	BluLab: run 1-3	Supervised machine learning	http://aclweb.org/aclwiki/index.php?title=Temporal_Information_Extraction_(State_of_the_art)	BluLab: run 1-3	2013	BluLab: run 1-3	http://aclweb.org/aclwiki/index.php?title=Paraphrase_Identification_(State_of_the_art)				0.823				0.941
